dishID,category name
rmK12Uau.ntP510KeImX506H6Mr6jTu,Thai Food
rmK12Uau.ntP510KeImX506H6Mr6jTu,Mexican Food
5ZpZE8hSVdPk2ZXo1mZTyoPWJRSCPSm,Appetizer
clyYQv.CplpwJtjNaFGhx0VilNYqRxu,Dinner
BmqFAmCrDHiKNwX.IQzb0U/v0mLlxFu,Appetizer
BmqFAmCrDHiKNwX.IQzb0U/v0mLlxFu,Gluten Free
BmqFAmCrDHiKNwX.IQzb0U/v0mLlxFu,Italian Food
BmqFAmCrDHiKNwX.IQzb0U/v0mLlxFu,German Food
N.jCksRjB4MFwbgPFQU8Kg.yF.XCtOi,Dinner
N.jCksRjB4MFwbgPFQU8Kg.yF.XCtOi,Holiday Recipes
N.jCksRjB4MFwbgPFQU8Kg.yF.XCtOi,Indian Food
N.jCksRjB4MFwbgPFQU8Kg.yF.XCtOi,Mediterranean Diet
N.jCksRjB4MFwbgPFQU8Kg.yF.XCtOi,Main Dish
kq.naD.8G19M4UU9dVvJgHtpfo.l/eC,Side Dish
kq.naD.8G19M4UU9dVvJgHtpfo.l/eC,Holiday Recipes
kq.naD.8G19M4UU9dVvJgHtpfo.l/eC,Dessert
kq.naD.8G19M4UU9dVvJgHtpfo.l/eC,Snack
kq.naD.8G19M4UU9dVvJgHtpfo.l/eC,Side Dish
kq.naD.8G19M4UU9dVvJgHtpfo.l/eC,Main Dish
lYrgWNn00EXblOupzM3tL0jGr9O0CB2,Mexican Food
Fu0DgGYFUGwc0BBlN6r20o/ihOVs5bO,Spanish Food
Fu0DgGYFUGwc0BBlN6r20o/ihOVs5bO,Diet
Fu0DgGYFUGwc0BBlN6r20o/ihOVs5bO,Gluten Free
Fu0DgGYFUGwc0BBlN6r20o/ihOVs5bO,Holiday Recipes
Fu0DgGYFUGwc0BBlN6r20o/ihOVs5bO,Main Dish
MBRNtqELRRuv8zJH4k7Aba2bmIc2A3C,Vegetarian
MBRNtqELRRuv8zJH4k7Aba2bmIc2A3C,Dinner
ZPyPoMiNvgAfrKcRpH9FEYV/XsPZBsW,Soups Stew and Chili
ZPyPoMiNvgAfrKcRpH9FEYV/XsPZBsW,Side Dish
ZPyPoMiNvgAfrKcRpH9FEYV/XsPZBsW,Side Dish
ATMxl11LFhuvTbTi9.kX4nhYE50HeJ.,Holiday Recipes
ATMxl11LFhuvTbTi9.kX4nhYE50HeJ.,Indian Food
ATMxl11LFhuvTbTi9.kX4nhYE50HeJ.,Chinese Food
ATMxl11LFhuvTbTi9.kX4nhYE50HeJ.,Diet
ATMxl11LFhuvTbTi9.kX4nhYE50HeJ.,Greek Food
ATMxl11LFhuvTbTi9.kX4nhYE50HeJ.,German Food
2GV8OxOPn2uKhaCVoPw36Lg6tvNws9W,Japanese Food
2GV8OxOPn2uKhaCVoPw36Lg6tvNws9W,Low Carb
ybAYM2rjpeMIxNBRfvU3OBaykkHIp5u,Dinner
ybAYM2rjpeMIxNBRfvU3OBaykkHIp5u,German Food
ybAYM2rjpeMIxNBRfvU3OBaykkHIp5u,Vegan
MubUROykDQT0pSI.F.pZIQ6FtFu/aVK,Soups Stew and Chili
MV4wp/7ZxjlGseBT0psPW91AIeHvQ1W,Soups Stew and Chili
VQF9R/8uOgzCTKrPg.TnlcbeeNkRwzO,Indian Food
VQF9R/8uOgzCTKrPg.TnlcbeeNkRwzO,Dessert
wSt5d14gCsdnoX1mc.f9/p2VDGtOCJm,Dinner
wSt5d14gCsdnoX1mc.f9/p2VDGtOCJm,Low Fat
wSt5d14gCsdnoX1mc.f9/p2VDGtOCJm,Vegetarian
wSt5d14gCsdnoX1mc.f9/p2VDGtOCJm,Greek Food
unlpjtMrJRWxUfBoSSnSF6G6WIFjKkS,Soups Stew and Chili
unlpjtMrJRWxUfBoSSnSF6G6WIFjKkS,German Food
unlpjtMrJRWxUfBoSSnSF6G6WIFjKkS,Low Fat
unlpjtMrJRWxUfBoSSnSF6G6WIFjKkS,Breakfast
unlpjtMrJRWxUfBoSSnSF6G6WIFjKkS,Dinner
Kt0fyyj39oSYwc0nb1QeIVS/P45UxPm,Mediterranean Diet
Kt0fyyj39oSYwc0nb1QeIVS/P45UxPm,Japanese Food
Kt0fyyj39oSYwc0nb1QeIVS/P45UxPm,Chinese Food
Kt0fyyj39oSYwc0nb1QeIVS/P45UxPm,Main Dish
6IxFBbINcu1cvybDMy6UFji/ynUox9C,Italian Food
6IxFBbINcu1cvybDMy6UFji/ynUox9C,Vegan
Qdv27B/unN67bh4EB.jH60KfHNQjPpW,Appetizer
Qdv27B/unN67bh4EB.jH60KfHNQjPpW,Appetizer
Qdv27B/unN67bh4EB.jH60KfHNQjPpW,Low Fat
Qdv27B/unN67bh4EB.jH60KfHNQjPpW,Mediterranean Diet
Qdv27B/unN67bh4EB.jH60KfHNQjPpW,Mexican Food
u9.4XrD7E6t4Rfx7xSIfeNtFyMowhuC,Thai Food
u9.4XrD7E6t4Rfx7xSIfeNtFyMowhuC,Soups Stew and Chili
u9.4XrD7E6t4Rfx7xSIfeNtFyMowhuC,Holiday Recipes
u9.4XrD7E6t4Rfx7xSIfeNtFyMowhuC,Thai Food
u9.4XrD7E6t4Rfx7xSIfeNtFyMowhuC,Lunch
u9.4XrD7E6t4Rfx7xSIfeNtFyMowhuC,Italian Food
L0PCxyJV0SXAneB/xeVcHLQt5g1PRr6,Dinner
L0PCxyJV0SXAneB/xeVcHLQt5g1PRr6,Thai Food
L0PCxyJV0SXAneB/xeVcHLQt5g1PRr6,Low Fat
2.5UveE.bkE3NqxTDFlhk7Xhf6Cw7Mu,Holiday Recipes
2.5UveE.bkE3NqxTDFlhk7Xhf6Cw7Mu,Vegan
2.5UveE.bkE3NqxTDFlhk7Xhf6Cw7Mu,Soups Stew and Chili
2.5UveE.bkE3NqxTDFlhk7Xhf6Cw7Mu,German Food
2.5UveE.bkE3NqxTDFlhk7Xhf6Cw7Mu,Snack
2.5UveE.bkE3NqxTDFlhk7Xhf6Cw7Mu,Thai Food
NFOSisLons3uKgwIRzlmtxbEuPmBVxm,Filipino Food
NFOSisLons3uKgwIRzlmtxbEuPmBVxm,Snack
NFOSisLons3uKgwIRzlmtxbEuPmBVxm,Diet
seDVeo8d/hNZt1IoUzSZUtGYseWCoja,Spanish Food
seDVeo8d/hNZt1IoUzSZUtGYseWCoja,Snack
seDVeo8d/hNZt1IoUzSZUtGYseWCoja,Spanish Food
VxibW5ljaeGrBLoIg6HjiAUu5jOodBG,Diet
VxibW5ljaeGrBLoIg6HjiAUu5jOodBG,Lunch
VxibW5ljaeGrBLoIg6HjiAUu5jOodBG,Main Dish
xrLOYL9osYcG.1Wud7ymkgulTHrojOq,Low Carb
xrLOYL9osYcG.1Wud7ymkgulTHrojOq,Low Carb
xrLOYL9osYcG.1Wud7ymkgulTHrojOq,Dinner
xrLOYL9osYcG.1Wud7ymkgulTHrojOq,Dessert
xrLOYL9osYcG.1Wud7ymkgulTHrojOq,Low Carb
xrLOYL9osYcG.1Wud7ymkgulTHrojOq,Dessert
W16LIKfAPvl.JW4REiKBVnrhJLVsjPa,Indian Food
W16LIKfAPvl.JW4REiKBVnrhJLVsjPa,Low Carb
W16LIKfAPvl.JW4REiKBVnrhJLVsjPa,Chinese Food
I2lwk9BQlPPMKf3yLlc3dLwa67BG0yu,Mediterranean Diet
rky8e0ifBVbpWCFd.vRctUO041Ki7ZO,Indian Food
rky8e0ifBVbpWCFd.vRctUO041Ki7ZO,Dinner
Fvbzkkqy1/56JZfR2IgOlVM2Jr..Aku,Indian Food
/Zcq7FFI9oOzqwcuY9zEsddkJDP9XbG,Mediterranean Diet
/Zcq7FFI9oOzqwcuY9zEsddkJDP9XbG,Indian Food
99PNE9tq7cmoGh5LvVtzOhXxYiw9qnC,Vegetarian
99PNE9tq7cmoGh5LvVtzOhXxYiw9qnC,Side Dish
99PNE9tq7cmoGh5LvVtzOhXxYiw9qnC,Soups Stew and Chili
99PNE9tq7cmoGh5LvVtzOhXxYiw9qnC,Dessert
8KFNy5O0vA7My.Wc1lCXrTk2yPBPUp6,Low Carb
8KFNy5O0vA7My.Wc1lCXrTk2yPBPUp6,Japanese Food
8KFNy5O0vA7My.Wc1lCXrTk2yPBPUp6,Dinner
8KFNy5O0vA7My.Wc1lCXrTk2yPBPUp6,Filipino Food
8KFNy5O0vA7My.Wc1lCXrTk2yPBPUp6,German Food
8KFNy5O0vA7My.Wc1lCXrTk2yPBPUp6,Side Dish
gfaCm6kHYkSEn.mU/gZ9V.TsYe4kDEe,Lunch
gfaCm6kHYkSEn.mU/gZ9V.TsYe4kDEe,Chinese Food
gfaCm6kHYkSEn.mU/gZ9V.TsYe4kDEe,Low Fat
gfaCm6kHYkSEn.mU/gZ9V.TsYe4kDEe,Thai Food
gfaCm6kHYkSEn.mU/gZ9V.TsYe4kDEe,German Food
gfaCm6kHYkSEn.mU/gZ9V.TsYe4kDEe,Filipino Food
mSARhmSYlNTO.ydTZLphFOUuUZD7M3K,Gluten Free
mSARhmSYlNTO.ydTZLphFOUuUZD7M3K,Holiday Recipes
mSARhmSYlNTO.ydTZLphFOUuUZD7M3K,Diet
mSARhmSYlNTO.ydTZLphFOUuUZD7M3K,German Food
j8xfG0j/KQxcGj70imMBDQadvck/Y/e,Holiday Recipes
j8xfG0j/KQxcGj70imMBDQadvck/Y/e,Snack
j8xfG0j/KQxcGj70imMBDQadvck/Y/e,Spanish Food
j8xfG0j/KQxcGj70imMBDQadvck/Y/e,Low Fat
cyHqD.DIB9XrPO8gZuH5bRiu2hMRBnm,Appetizer
cyHqD.DIB9XrPO8gZuH5bRiu2hMRBnm,Italian Food
cyHqD.DIB9XrPO8gZuH5bRiu2hMRBnm,Appetizer
cyHqD.DIB9XrPO8gZuH5bRiu2hMRBnm,Dinner
cyHqD.DIB9XrPO8gZuH5bRiu2hMRBnm,Diet
cyHqD.DIB9XrPO8gZuH5bRiu2hMRBnm,Gluten Free
MVqD97HCNdZq9HWOVxx8YXp427Si5gy,Greek Food
MVqD97HCNdZq9HWOVxx8YXp427Si5gy,Diet
XPZVJf3403ZY8TaQjhl/MAEFAAzsXRa,Japanese Food
J8NArm6hsz0b6yVcc.UZBEvexvjG8Sy,Japanese Food
J8NArm6hsz0b6yVcc.UZBEvexvjG8Sy,Breakfast
UxpOTenDP2ohz10AFKIA.1XXWkwZdyK,Vegan
UxpOTenDP2ohz10AFKIA.1XXWkwZdyK,Main Dish
UxpOTenDP2ohz10AFKIA.1XXWkwZdyK,Snack
UxpOTenDP2ohz10AFKIA.1XXWkwZdyK,Vegan
UxpOTenDP2ohz10AFKIA.1XXWkwZdyK,Side Dish
oqGqJnVANYmlpH13aos8qaC38VJwkle,Snack
oqGqJnVANYmlpH13aos8qaC38VJwkle,Japanese Food
oqGqJnVANYmlpH13aos8qaC38VJwkle,Diet
oqGqJnVANYmlpH13aos8qaC38VJwkle,German Food
MZmglJzuIZ50kxpzdMyF6T3OS0M1tHS,Snack
MZmglJzuIZ50kxpzdMyF6T3OS0M1tHS,Chinese Food
avzjXwt2v6oKupuE9JNncnjebguqTUq,Indian Food
0HYXGhT.orY/mzW6gbjmNn/l4iRGOue,Low Fat
l455Uj3RbPQWBSJUmj9EqK0Tc.cZQpi,Vegetarian
l455Uj3RbPQWBSJUmj9EqK0Tc.cZQpi,Filipino Food
TnK5Ciy8mscPibFx2jTJHbu5zDC4wYm,Italian Food
TnK5Ciy8mscPibFx2jTJHbu5zDC4wYm,Japanese Food
TnK5Ciy8mscPibFx2jTJHbu5zDC4wYm,Holiday Recipes
TnK5Ciy8mscPibFx2jTJHbu5zDC4wYm,Lunch
TnK5Ciy8mscPibFx2jTJHbu5zDC4wYm,Vegetarian
YnMBkYpLIX.7CwVjJpMHO52IHOhxPAi,Filipino Food
YnMBkYpLIX.7CwVjJpMHO52IHOhxPAi,Indian Food
YnMBkYpLIX.7CwVjJpMHO52IHOhxPAi,Mexican Food
YnMBkYpLIX.7CwVjJpMHO52IHOhxPAi,Thai Food
YnMBkYpLIX.7CwVjJpMHO52IHOhxPAi,Holiday Recipes
DvnbTZ2ePbVTHXmrc.n13YopTHeo9WO,Filipino Food
k7qcbQSKW.Cej1OLEtw3Y9GpL/Zx0dG,Soups Stew and Chili
k7qcbQSKW.Cej1OLEtw3Y9GpL/Zx0dG,Italian Food
k7qcbQSKW.Cej1OLEtw3Y9GpL/Zx0dG,Low Carb
k7qcbQSKW.Cej1OLEtw3Y9GpL/Zx0dG,Dinner
k7qcbQSKW.Cej1OLEtw3Y9GpL/Zx0dG,Indian Food
k7qcbQSKW.Cej1OLEtw3Y9GpL/Zx0dG,Snack
xnjwYdh.H9w34Sl6Magj5a/O/aZfdO.,Thai Food
xnjwYdh.H9w34Sl6Magj5a/O/aZfdO.,Chinese Food
xnjwYdh.H9w34Sl6Magj5a/O/aZfdO.,Main Dish
xnjwYdh.H9w34Sl6Magj5a/O/aZfdO.,Side Dish
xnjwYdh.H9w34Sl6Magj5a/O/aZfdO.,Greek Food
xnjwYdh.H9w34Sl6Magj5a/O/aZfdO.,Holiday Recipes
DKJZmOthu.RmwQiQ/.Qn.UcdScCc5Ay,Vegan
DKJZmOthu.RmwQiQ/.Qn.UcdScCc5Ay,Gluten Free
DKJZmOthu.RmwQiQ/.Qn.UcdScCc5Ay,Diet
DKJZmOthu.RmwQiQ/.Qn.UcdScCc5Ay,Lunch
XH9xcGEA0RGwYaGUFHOGku.EmgG.4UW,Dinner
FJTYczDeAzLZrDW4.02x6sIxiv7sJFm,Chinese Food
FJTYczDeAzLZrDW4.02x6sIxiv7sJFm,Gluten Free
FJTYczDeAzLZrDW4.02x6sIxiv7sJFm,Low Carb
f.1fMufblq19L2lUSuQvWNI31oZvSxe,Side Dish
f.1fMufblq19L2lUSuQvWNI31oZvSxe,Vegetarian
f.1fMufblq19L2lUSuQvWNI31oZvSxe,Vegan
f.1fMufblq19L2lUSuQvWNI31oZvSxe,Snack
tZgm5sdag2ebITxUprEAgnoApUyX04K,Mediterranean Diet
2aJ2cl3CRe29W8ROwo/v41CWE2qdfaK,Diet
2aJ2cl3CRe29W8ROwo/v41CWE2qdfaK,Spanish Food
vYbVvMVc9wOiKn3opPqIxS1gVNSAIre,Greek Food
vYbVvMVc9wOiKn3opPqIxS1gVNSAIre,Japanese Food
vYbVvMVc9wOiKn3opPqIxS1gVNSAIre,Thai Food
vYbVvMVc9wOiKn3opPqIxS1gVNSAIre,Diet
vYbVvMVc9wOiKn3opPqIxS1gVNSAIre,Low Fat
vYbVvMVc9wOiKn3opPqIxS1gVNSAIre,Mexican Food
IfNzG8aBpG/fnBMB2ZAv536YVqLTD.G,Thai Food
IfNzG8aBpG/fnBMB2ZAv536YVqLTD.G,Appetizer
IfNzG8aBpG/fnBMB2ZAv536YVqLTD.G,Snack
7e5jeLd6.Q2kat3EaroPPSLLAiuD7Ma,Main Dish
7e5jeLd6.Q2kat3EaroPPSLLAiuD7Ma,Thai Food
7e5jeLd6.Q2kat3EaroPPSLLAiuD7Ma,Italian Food
7e5jeLd6.Q2kat3EaroPPSLLAiuD7Ma,Gluten Free
7e5jeLd6.Q2kat3EaroPPSLLAiuD7Ma,Dinner
jqPri0WJFBePvcAW72YAhC.MYbGm6nK,Mexican Food
jqPri0WJFBePvcAW72YAhC.MYbGm6nK,German Food
jqPri0WJFBePvcAW72YAhC.MYbGm6nK,Italian Food
jqPri0WJFBePvcAW72YAhC.MYbGm6nK,Appetizer
jqPri0WJFBePvcAW72YAhC.MYbGm6nK,Vegetarian
LZCaBYwZnyQ/fOAskBw9hEP5dfuFVWi,Thai Food
LZCaBYwZnyQ/fOAskBw9hEP5dfuFVWi,Breakfast
LZCaBYwZnyQ/fOAskBw9hEP5dfuFVWi,Japanese Food
LZCaBYwZnyQ/fOAskBw9hEP5dfuFVWi,Dinner
LZCaBYwZnyQ/fOAskBw9hEP5dfuFVWi,Italian Food
LZCaBYwZnyQ/fOAskBw9hEP5dfuFVWi,Chinese Food
FbpOmvNPN6PgEVIBsiFrVpgIFfmWYgu,Mexican Food
FbpOmvNPN6PgEVIBsiFrVpgIFfmWYgu,Filipino Food
FbpOmvNPN6PgEVIBsiFrVpgIFfmWYgu,Spanish Food
/tZeVpM8U.MsGv1FY8bDD3IzuQJri4G,Lunch
/tZeVpM8U.MsGv1FY8bDD3IzuQJri4G,Mexican Food
DdXKR1kpGBoPtOVFy6zc00OT4z6xoJO,Thai Food
DdXKR1kpGBoPtOVFy6zc00OT4z6xoJO,Low Fat
DdXKR1kpGBoPtOVFy6zc00OT4z6xoJO,Breakfast
DdXKR1kpGBoPtOVFy6zc00OT4z6xoJO,Italian Food
XrHOR3s/j.yEsa1vMjCiHmnH385yKCm,German Food
XrHOR3s/j.yEsa1vMjCiHmnH385yKCm,Mediterranean Diet
XrHOR3s/j.yEsa1vMjCiHmnH385yKCm,Thai Food
XrHOR3s/j.yEsa1vMjCiHmnH385yKCm,Lunch
vR7rVhXdC/7q8mNrivDwRdSciLRvnLa,Breakfast
vR7rVhXdC/7q8mNrivDwRdSciLRvnLa,Mexican Food
vR7rVhXdC/7q8mNrivDwRdSciLRvnLa,Soups Stew and Chili
4JGjgjL9NIgOe4Truv5Ku.fKQS7v6q.,Greek Food
4JGjgjL9NIgOe4Truv5Ku.fKQS7v6q.,Lunch
Z470ZwwIMSFjSfOOLp56How4gfDD5JC,Indian Food
Z470ZwwIMSFjSfOOLp56How4gfDD5JC,Vegetarian
Z470ZwwIMSFjSfOOLp56How4gfDD5JC,Indian Food
Z470ZwwIMSFjSfOOLp56How4gfDD5JC,Gluten Free
Z470ZwwIMSFjSfOOLp56How4gfDD5JC,Main Dish
Z470ZwwIMSFjSfOOLp56How4gfDD5JC,Gluten Free
pCkhtSCUJzuOgFaPRmEHjXVAQAx6s.i,Dinner
pCkhtSCUJzuOgFaPRmEHjXVAQAx6s.i,Greek Food
pCkhtSCUJzuOgFaPRmEHjXVAQAx6s.i,Diet
pCkhtSCUJzuOgFaPRmEHjXVAQAx6s.i,Vegetarian
pCkhtSCUJzuOgFaPRmEHjXVAQAx6s.i,Chinese Food
rDZ0RKJH3XN24b0AcYq.xEvrWT/vUDe,Spanish Food
rDZ0RKJH3XN24b0AcYq.xEvrWT/vUDe,Spanish Food
rDZ0RKJH3XN24b0AcYq.xEvrWT/vUDe,Dessert
rDZ0RKJH3XN24b0AcYq.xEvrWT/vUDe,Breakfast
zFSV3sUvD.noC9XMQ8O7qXdEbsgNJXm,Mediterranean Diet
zFSV3sUvD.noC9XMQ8O7qXdEbsgNJXm,Low Carb
zFSV3sUvD.noC9XMQ8O7qXdEbsgNJXm,Spanish Food
zFSV3sUvD.noC9XMQ8O7qXdEbsgNJXm,Low Fat
zFSV3sUvD.noC9XMQ8O7qXdEbsgNJXm,Low Fat
zFSV3sUvD.noC9XMQ8O7qXdEbsgNJXm,Holiday Recipes
I2DzWJamzeouN38IaDHN9h7vPt0Nko2,Holiday Recipes
LRoHBAZFeYjviizHAQWM7LkOKdzq/N2,Filipino Food
LRoHBAZFeYjviizHAQWM7LkOKdzq/N2,Dinner
LRoHBAZFeYjviizHAQWM7LkOKdzq/N2,Dinner
LRoHBAZFeYjviizHAQWM7LkOKdzq/N2,Low Carb
p3go7FL1oWNfhu4fND7tNzYFlZ/vS0m,Soups Stew and Chili
p3go7FL1oWNfhu4fND7tNzYFlZ/vS0m,Filipino Food
p3go7FL1oWNfhu4fND7tNzYFlZ/vS0m,Vegetarian
p3go7FL1oWNfhu4fND7tNzYFlZ/vS0m,Holiday Recipes
p3go7FL1oWNfhu4fND7tNzYFlZ/vS0m,Vegetarian
HMrba2uZU/zCd7CeC5wGZTKPlPKEndS,Mediterranean Diet
HMrba2uZU/zCd7CeC5wGZTKPlPKEndS,Chinese Food
Kak0B9KPIMjib1zYDiDJUfrzsauTDsG,Side Dish
Kak0B9KPIMjib1zYDiDJUfrzsauTDsG,Mediterranean Diet
8yczB40n/hev2xe0t4RecozPoNPk8Yu,Breakfast
8yczB40n/hev2xe0t4RecozPoNPk8Yu,Italian Food
8yczB40n/hev2xe0t4RecozPoNPk8Yu,Low Carb
8yczB40n/hev2xe0t4RecozPoNPk8Yu,Appetizer
m2RjqLvwagdB43OyMAzC/9h8QHkohqG,Appetizer
m2RjqLvwagdB43OyMAzC/9h8QHkohqG,Lunch
58uQ1d8Q08zEOQ6qbJzg7nyHJWX4Q66,Breakfast
58uQ1d8Q08zEOQ6qbJzg7nyHJWX4Q66,Thai Food
58uQ1d8Q08zEOQ6qbJzg7nyHJWX4Q66,Lunch
58uQ1d8Q08zEOQ6qbJzg7nyHJWX4Q66,Breakfast
58uQ1d8Q08zEOQ6qbJzg7nyHJWX4Q66,Breakfast
58uQ1d8Q08zEOQ6qbJzg7nyHJWX4Q66,German Food
jTBan7Yu32ZIK.L719EiKnlUS26xbKu,Main Dish
3iHGHwV3IRm/iolIS78CEuS1R4EEtOi,Low Carb
3iHGHwV3IRm/iolIS78CEuS1R4EEtOi,Main Dish
bA6ELvmr8Tfld0rTPmcvQUYD2xtp/Yy,Diet
bA6ELvmr8Tfld0rTPmcvQUYD2xtp/Yy,Low Carb
bA6ELvmr8Tfld0rTPmcvQUYD2xtp/Yy,Soups Stew and Chili
A19Frdd8.o/bNfORmAqbyf9t8Bv21Ui,Side Dish
A19Frdd8.o/bNfORmAqbyf9t8Bv21Ui,Lunch
A19Frdd8.o/bNfORmAqbyf9t8Bv21Ui,Vegan
A19Frdd8.o/bNfORmAqbyf9t8Bv21Ui,Gluten Free
A19Frdd8.o/bNfORmAqbyf9t8Bv21Ui,Lunch
7WKQ.11bCVj2i/uRzxqMmmRUPcdRyBy,Mediterranean Diet
7WKQ.11bCVj2i/uRzxqMmmRUPcdRyBy,Soups Stew and Chili
7WKQ.11bCVj2i/uRzxqMmmRUPcdRyBy,Spanish Food
3fQwiGqvuM8RWd.tOVlajARwMKwA2ne,Main Dish
3fQwiGqvuM8RWd.tOVlajARwMKwA2ne,Italian Food
3fQwiGqvuM8RWd.tOVlajARwMKwA2ne,Vegetarian
3fQwiGqvuM8RWd.tOVlajARwMKwA2ne,Japanese Food
3fQwiGqvuM8RWd.tOVlajARwMKwA2ne,Italian Food
3fQwiGqvuM8RWd.tOVlajARwMKwA2ne,Soups Stew and Chili
TQLFlybf8VMQ1NNW42GKmam8Vh/5QQC,Mexican Food
TQLFlybf8VMQ1NNW42GKmam8Vh/5QQC,Gluten Free
TQLFlybf8VMQ1NNW42GKmam8Vh/5QQC,Soups Stew and Chili
TQLFlybf8VMQ1NNW42GKmam8Vh/5QQC,Side Dish
TQLFlybf8VMQ1NNW42GKmam8Vh/5QQC,Italian Food
TQLFlybf8VMQ1NNW42GKmam8Vh/5QQC,Japanese Food
U/gtP5fRvGnpWbKR6nUaPkPPeKrF2uO,German Food
U/gtP5fRvGnpWbKR6nUaPkPPeKrF2uO,Low Fat
U/gtP5fRvGnpWbKR6nUaPkPPeKrF2uO,Mexican Food
KM7VSbPRAjk6QQHthbtHa7RBcGUScTS,Breakfast
KM7VSbPRAjk6QQHthbtHa7RBcGUScTS,Lunch
KM7VSbPRAjk6QQHthbtHa7RBcGUScTS,Thai Food
KM7VSbPRAjk6QQHthbtHa7RBcGUScTS,Lunch
KM7VSbPRAjk6QQHthbtHa7RBcGUScTS,Low Fat
S30yAxZm08.3zpU2J4Ik0AZEnfkg0bO,Italian Food
S30yAxZm08.3zpU2J4Ik0AZEnfkg0bO,Snack
S30yAxZm08.3zpU2J4Ik0AZEnfkg0bO,Mediterranean Diet
S30yAxZm08.3zpU2J4Ik0AZEnfkg0bO,Soups Stew and Chili
S30yAxZm08.3zpU2J4Ik0AZEnfkg0bO,Vegetarian
S30yAxZm08.3zpU2J4Ik0AZEnfkg0bO,Greek Food
kEEScv3I9aq7VxzOgcsSI2FyeSPD8O.,Chinese Food
kEEScv3I9aq7VxzOgcsSI2FyeSPD8O.,Filipino Food
kEEScv3I9aq7VxzOgcsSI2FyeSPD8O.,Mediterranean Diet
kEEScv3I9aq7VxzOgcsSI2FyeSPD8O.,Mediterranean Diet
kEEScv3I9aq7VxzOgcsSI2FyeSPD8O.,Gluten Free
.AvQI1LPlun.tklhcDmiUxSG4Gzex76,Chinese Food
.AvQI1LPlun.tklhcDmiUxSG4Gzex76,Greek Food
.AvQI1LPlun.tklhcDmiUxSG4Gzex76,Greek Food
.AvQI1LPlun.tklhcDmiUxSG4Gzex76,Greek Food
.AvQI1LPlun.tklhcDmiUxSG4Gzex76,Spanish Food
iOvAOMRQhwiRk/0djvixhXSy21Ndj5y,Dessert
iOvAOMRQhwiRk/0djvixhXSy21Ndj5y,Holiday Recipes
iOvAOMRQhwiRk/0djvixhXSy21Ndj5y,Snack
iOvAOMRQhwiRk/0djvixhXSy21Ndj5y,Vegan
iOvAOMRQhwiRk/0djvixhXSy21Ndj5y,Side Dish
iOvAOMRQhwiRk/0djvixhXSy21Ndj5y,Gluten Free
cu.PPkdTeAWw3KrgheaUv6DcKvR61hO,Side Dish
cu.PPkdTeAWw3KrgheaUv6DcKvR61hO,Mexican Food
cu.PPkdTeAWw3KrgheaUv6DcKvR61hO,Vegetarian
cu.PPkdTeAWw3KrgheaUv6DcKvR61hO,Thai Food
cu.PPkdTeAWw3KrgheaUv6DcKvR61hO,Snack
K4luoiT2p7QXTzd8EcazxWYsrv1gEvW,Filipino Food
K4luoiT2p7QXTzd8EcazxWYsrv1gEvW,Japanese Food
K4luoiT2p7QXTzd8EcazxWYsrv1gEvW,Dessert
oUBeflkmRQIXeoSB2B6NScFpqhof7Oe,Italian Food
oUBeflkmRQIXeoSB2B6NScFpqhof7Oe,Diet
oUBeflkmRQIXeoSB2B6NScFpqhof7Oe,Lunch
/wZR/iNA65GRcrkZwOaYn3mkNao8LE.,Lunch
/wZR/iNA65GRcrkZwOaYn3mkNao8LE.,Diet
/wZR/iNA65GRcrkZwOaYn3mkNao8LE.,Snack
/wZR/iNA65GRcrkZwOaYn3mkNao8LE.,Lunch
/wZR/iNA65GRcrkZwOaYn3mkNao8LE.,Main Dish
4SKJyau413X817p8LAffto9iCyt6Nc.,Chinese Food
4SKJyau413X817p8LAffto9iCyt6Nc.,Mexican Food
4SKJyau413X817p8LAffto9iCyt6Nc.,Low Fat
4SKJyau413X817p8LAffto9iCyt6Nc.,Mexican Food
4SKJyau413X817p8LAffto9iCyt6Nc.,Side Dish
QVPNMtrpqZDbM5K6hYfMTb2Ez4.jlfa,Diet
QVPNMtrpqZDbM5K6hYfMTb2Ez4.jlfa,Gluten Free
QVPNMtrpqZDbM5K6hYfMTb2Ez4.jlfa,Mediterranean Diet
QVPNMtrpqZDbM5K6hYfMTb2Ez4.jlfa,Mediterranean Diet
QVPNMtrpqZDbM5K6hYfMTb2Ez4.jlfa,Dinner
QVPNMtrpqZDbM5K6hYfMTb2Ez4.jlfa,Diet
1fwIs9Xy0U8sYd1SexLowhUaKwHEM.q,Dessert
1fwIs9Xy0U8sYd1SexLowhUaKwHEM.q,Spanish Food
1fwIs9Xy0U8sYd1SexLowhUaKwHEM.q,Lunch
1fwIs9Xy0U8sYd1SexLowhUaKwHEM.q,Dessert
1fwIs9Xy0U8sYd1SexLowhUaKwHEM.q,Side Dish
1fwIs9Xy0U8sYd1SexLowhUaKwHEM.q,Mediterranean Diet
HhUppK44pVvVx.ezf6GmezqLivOByXm,Diet
HhUppK44pVvVx.ezf6GmezqLivOByXm,Soups Stew and Chili
HhUppK44pVvVx.ezf6GmezqLivOByXm,Dessert
8ESqKbI2nnKDkNp3YVikKLsrMkban8S,Gluten Free
8ESqKbI2nnKDkNp3YVikKLsrMkban8S,Greek Food
8ESqKbI2nnKDkNp3YVikKLsrMkban8S,Vegetarian
kT2uKzUyX5pAiZwrF608p306cnP/zqq,Holiday Recipes
kT2uKzUyX5pAiZwrF608p306cnP/zqq,Indian Food
kT2uKzUyX5pAiZwrF608p306cnP/zqq,Dessert
kT2uKzUyX5pAiZwrF608p306cnP/zqq,Indian Food
kT2uKzUyX5pAiZwrF608p306cnP/zqq,Side Dish
mV1FAEXZpL9bXn0aXHWyLemvBAG0nlC,Italian Food
mV1FAEXZpL9bXn0aXHWyLemvBAG0nlC,Low Fat
mV1FAEXZpL9bXn0aXHWyLemvBAG0nlC,Mediterranean Diet
2DzwXff.fOu.uz79F.DR8.0nX7NlIYa,Italian Food
2DzwXff.fOu.uz79F.DR8.0nX7NlIYa,Gluten Free
2DzwXff.fOu.uz79F.DR8.0nX7NlIYa,Vegetarian
2DzwXff.fOu.uz79F.DR8.0nX7NlIYa,Mediterranean Diet
2DzwXff.fOu.uz79F.DR8.0nX7NlIYa,Vegan
elIrYoQ/QftnsW9V0eDiLfYBUwJCfPG,Japanese Food
elIrYoQ/QftnsW9V0eDiLfYBUwJCfPG,Mexican Food
PBKduCo2ePsNYRVmJKsAKojIyt9GNWG,Greek Food
PBKduCo2ePsNYRVmJKsAKojIyt9GNWG,Appetizer
PBKduCo2ePsNYRVmJKsAKojIyt9GNWG,Breakfast
8LwDZxcNVpXQAJMufYu7zXRuyfSl7pq,Filipino Food
8LwDZxcNVpXQAJMufYu7zXRuyfSl7pq,Side Dish
8LwDZxcNVpXQAJMufYu7zXRuyfSl7pq,Thai Food
8LwDZxcNVpXQAJMufYu7zXRuyfSl7pq,Low Fat
8LwDZxcNVpXQAJMufYu7zXRuyfSl7pq,Italian Food
8LwDZxcNVpXQAJMufYu7zXRuyfSl7pq,Breakfast
Ev4O/q7MokUXqz4Mf4ir3/MklbKJTTa,Snack
I6aqKJ7j9CwdyngKiQp665BEQFBQf..,Gluten Free
I6aqKJ7j9CwdyngKiQp665BEQFBQf..,Thai Food
I6aqKJ7j9CwdyngKiQp665BEQFBQf..,Dinner
I6aqKJ7j9CwdyngKiQp665BEQFBQf..,Appetizer
I6aqKJ7j9CwdyngKiQp665BEQFBQf..,Diet
qgCuMVPAyc0iPJ65sc9qGsxpHY5dMjm,Italian Food
qgCuMVPAyc0iPJ65sc9qGsxpHY5dMjm,Greek Food
qgCuMVPAyc0iPJ65sc9qGsxpHY5dMjm,Low Fat
qgCuMVPAyc0iPJ65sc9qGsxpHY5dMjm,Lunch
.EdmLjNUIrrHXTd/LwLl5Iz8RnzHHOi,Japanese Food
.EdmLjNUIrrHXTd/LwLl5Iz8RnzHHOi,Low Fat
.EdmLjNUIrrHXTd/LwLl5Iz8RnzHHOi,Chinese Food
.EdmLjNUIrrHXTd/LwLl5Iz8RnzHHOi,Appetizer
.EdmLjNUIrrHXTd/LwLl5Iz8RnzHHOi,Lunch
.EdmLjNUIrrHXTd/LwLl5Iz8RnzHHOi,Low Fat
0yqhw/Wq810GWHyO.CM31gWFGjEBx22,Japanese Food
0yqhw/Wq810GWHyO.CM31gWFGjEBx22,Appetizer
0yqhw/Wq810GWHyO.CM31gWFGjEBx22,Mexican Food
0yqhw/Wq810GWHyO.CM31gWFGjEBx22,Chinese Food
a2trc7J5PnPFOlIZ/YRwnRBeHlVw1DO,Snack
a2trc7J5PnPFOlIZ/YRwnRBeHlVw1DO,Indian Food
a2trc7J5PnPFOlIZ/YRwnRBeHlVw1DO,Thai Food
a2trc7J5PnPFOlIZ/YRwnRBeHlVw1DO,Filipino Food
i5Ggpro.UnJbl/xcTlb4Xx.c9a.g9GW,Mediterranean Diet
i5Ggpro.UnJbl/xcTlb4Xx.c9a.g9GW,Filipino Food
i5Ggpro.UnJbl/xcTlb4Xx.c9a.g9GW,Diet
i5Ggpro.UnJbl/xcTlb4Xx.c9a.g9GW,Side Dish
DNkMQKLmcxTc8FgfTMylzdywg0.8i2K,Indian Food
DNkMQKLmcxTc8FgfTMylzdywg0.8i2K,Chinese Food
DNkMQKLmcxTc8FgfTMylzdywg0.8i2K,Vegetarian
DNkMQKLmcxTc8FgfTMylzdywg0.8i2K,Mediterranean Diet
DNkMQKLmcxTc8FgfTMylzdywg0.8i2K,Italian Food
Va./42S09Qmifebzn5Oe8gHAB19PXqe,Dessert
Va./42S09Qmifebzn5Oe8gHAB19PXqe,German Food
Va./42S09Qmifebzn5Oe8gHAB19PXqe,German Food
Va./42S09Qmifebzn5Oe8gHAB19PXqe,Soups Stew and Chili
Va./42S09Qmifebzn5Oe8gHAB19PXqe,Dinner
Va./42S09Qmifebzn5Oe8gHAB19PXqe,Spanish Food
j50YQPgFbP82cp73lmT6tF1Fou3gZhO,Vegetarian
j50YQPgFbP82cp73lmT6tF1Fou3gZhO,Lunch
j50YQPgFbP82cp73lmT6tF1Fou3gZhO,Chinese Food
j50YQPgFbP82cp73lmT6tF1Fou3gZhO,Italian Food
j50YQPgFbP82cp73lmT6tF1Fou3gZhO,Gluten Free
ikMQ8kiYSPr/LykJr5dsIg8H/2iADGa,Indian Food
ikMQ8kiYSPr/LykJr5dsIg8H/2iADGa,Dessert
ikMQ8kiYSPr/LykJr5dsIg8H/2iADGa,Filipino Food
ikMQ8kiYSPr/LykJr5dsIg8H/2iADGa,Dessert
ikMQ8kiYSPr/LykJr5dsIg8H/2iADGa,Lunch
z4UmOkjQUGY1IHKXOpU5ofNQ/Q4JB6a,Side Dish
z4UmOkjQUGY1IHKXOpU5ofNQ/Q4JB6a,Breakfast
z4UmOkjQUGY1IHKXOpU5ofNQ/Q4JB6a,Breakfast
cwSqTihIczCkvSpiRZwCQIvndgwf3V6,Indian Food
cwSqTihIczCkvSpiRZwCQIvndgwf3V6,Main Dish
cwSqTihIczCkvSpiRZwCQIvndgwf3V6,Low Fat
cwSqTihIczCkvSpiRZwCQIvndgwf3V6,German Food
cwSqTihIczCkvSpiRZwCQIvndgwf3V6,Lunch
cwSqTihIczCkvSpiRZwCQIvndgwf3V6,Dinner
WU8SCXWBgual8fsGyJG9MhMLnzTySjO,Filipino Food
WU8SCXWBgual8fsGyJG9MhMLnzTySjO,Greek Food
WU8SCXWBgual8fsGyJG9MhMLnzTySjO,Mexican Food
WU8SCXWBgual8fsGyJG9MhMLnzTySjO,Lunch
WU8SCXWBgual8fsGyJG9MhMLnzTySjO,Low Fat
WU8SCXWBgual8fsGyJG9MhMLnzTySjO,Vegetarian
jcSnl4XGCXXKLJlRJCrjSC4PzT336nK,Dinner
jcSnl4XGCXXKLJlRJCrjSC4PzT336nK,Breakfast
bdQo6JS.5Yh1ZNPrPsT4XvPdku/yLVm,Chinese Food
bdQo6JS.5Yh1ZNPrPsT4XvPdku/yLVm,Mediterranean Diet
bdQo6JS.5Yh1ZNPrPsT4XvPdku/yLVm,Appetizer
bdQo6JS.5Yh1ZNPrPsT4XvPdku/yLVm,Lunch
bdQo6JS.5Yh1ZNPrPsT4XvPdku/yLVm,Low Carb
FCiu.frHIrsUOXEeR4JsJDUpHAtfC9G,Snack
nd.OsXSD.zCxkR73KOAewD465x9zw1a,Snack
nd.OsXSD.zCxkR73KOAewD465x9zw1a,Holiday Recipes
nd.OsXSD.zCxkR73KOAewD465x9zw1a,Mediterranean Diet
nd.OsXSD.zCxkR73KOAewD465x9zw1a,Lunch
F1dwYmaEwLdbs4BvwlhivOMYK9HyRja,Lunch
F1dwYmaEwLdbs4BvwlhivOMYK9HyRja,Vegetarian
F1dwYmaEwLdbs4BvwlhivOMYK9HyRja,Holiday Recipes
F1dwYmaEwLdbs4BvwlhivOMYK9HyRja,Soups Stew and Chili
F1dwYmaEwLdbs4BvwlhivOMYK9HyRja,Vegan
uKDCSodD20VCyG.XJoR8k7pN3Mn4Usm,Snack
uKDCSodD20VCyG.XJoR8k7pN3Mn4Usm,Gluten Free
uKDCSodD20VCyG.XJoR8k7pN3Mn4Usm,Side Dish
uKDCSodD20VCyG.XJoR8k7pN3Mn4Usm,Low Carb
uxCyVQo0T0nUYoOTR0pNz8r8z7c6lCu,Soups Stew and Chili
uxCyVQo0T0nUYoOTR0pNz8r8z7c6lCu,Dinner
uxCyVQo0T0nUYoOTR0pNz8r8z7c6lCu,Lunch
uxCyVQo0T0nUYoOTR0pNz8r8z7c6lCu,Filipino Food
uxCyVQo0T0nUYoOTR0pNz8r8z7c6lCu,Italian Food
uxCyVQo0T0nUYoOTR0pNz8r8z7c6lCu,Japanese Food
EUgJFyF.MO6Kr9XXg/LDo.tF1MTtixC,Side Dish
EUgJFyF.MO6Kr9XXg/LDo.tF1MTtixC,Soups Stew and Chili
EUgJFyF.MO6Kr9XXg/LDo.tF1MTtixC,Gluten Free
SJb4jDxEHVbrvGycc7y4eo.l95i/Suy,Mediterranean Diet
SJb4jDxEHVbrvGycc7y4eo.l95i/Suy,Soups Stew and Chili
SJb4jDxEHVbrvGycc7y4eo.l95i/Suy,Dinner
SJb4jDxEHVbrvGycc7y4eo.l95i/Suy,Holiday Recipes
SJb4jDxEHVbrvGycc7y4eo.l95i/Suy,Spanish Food
uIinfQGYZ1M5cPpYUUSjcX4mODsu.P.,Japanese Food
uIinfQGYZ1M5cPpYUUSjcX4mODsu.P.,Low Fat
uIinfQGYZ1M5cPpYUUSjcX4mODsu.P.,Greek Food
uIinfQGYZ1M5cPpYUUSjcX4mODsu.P.,Holiday Recipes
cCDjoj8YCHH57hXHtg7q2utK8EntBoS,Dinner
cCDjoj8YCHH57hXHtg7q2utK8EntBoS,Holiday Recipes
cCDjoj8YCHH57hXHtg7q2utK8EntBoS,Main Dish
cCDjoj8YCHH57hXHtg7q2utK8EntBoS,Spanish Food
KN9yelNk2dBtaO6hB/582QEg1hllglC,Mediterranean Diet
KN9yelNk2dBtaO6hB/582QEg1hllglC,Thai Food
IthEV4XHvAMjuQP8bautNTR6j5Svhgu,Breakfast
cErokE1e7Fv211rE8TWg8us3imyyzlW,Breakfast
09KWB7axdZqthEh4WmXcbwQ6j01pSe.,Filipino Food
09KWB7axdZqthEh4WmXcbwQ6j01pSe.,Thai Food
09KWB7axdZqthEh4WmXcbwQ6j01pSe.,Low Fat
6HrEL2Ah2/rSaiWx0AIYWl4uMugScBy,Greek Food
6HrEL2Ah2/rSaiWx0AIYWl4uMugScBy,Lunch
6HrEL2Ah2/rSaiWx0AIYWl4uMugScBy,Low Fat
6HrEL2Ah2/rSaiWx0AIYWl4uMugScBy,Chinese Food
6HrEL2Ah2/rSaiWx0AIYWl4uMugScBy,Main Dish
6HrEL2Ah2/rSaiWx0AIYWl4uMugScBy,Side Dish
LOs5DRMJjmcvAUjUcxjX1fXHL4EWQyG,Dinner
LOs5DRMJjmcvAUjUcxjX1fXHL4EWQyG,Greek Food
LOs5DRMJjmcvAUjUcxjX1fXHL4EWQyG,Side Dish
LOs5DRMJjmcvAUjUcxjX1fXHL4EWQyG,Snack
srPgjYTdCdHJgmFSHwrL8Zd/Cqar9MS,Main Dish
srPgjYTdCdHJgmFSHwrL8Zd/Cqar9MS,Greek Food
srPgjYTdCdHJgmFSHwrL8Zd/Cqar9MS,Dessert
srPgjYTdCdHJgmFSHwrL8Zd/Cqar9MS,Vegetarian
srPgjYTdCdHJgmFSHwrL8Zd/Cqar9MS,Filipino Food
srPgjYTdCdHJgmFSHwrL8Zd/Cqar9MS,Indian Food
KWjWQJehX1e7wAa4pTk2qD/vR0uulfi,Dessert
azMI./mn8QFKjtlefqGBE1Rkg4CfgJW,Greek Food
azMI./mn8QFKjtlefqGBE1Rkg4CfgJW,German Food
azMI./mn8QFKjtlefqGBE1Rkg4CfgJW,Lunch
2NdCqkKNYdRkzGZGQ3GKB97BP2I6O6O,Low Carb
2NdCqkKNYdRkzGZGQ3GKB97BP2I6O6O,Gluten Free
2NdCqkKNYdRkzGZGQ3GKB97BP2I6O6O,Italian Food
2NdCqkKNYdRkzGZGQ3GKB97BP2I6O6O,Low Carb
2NdCqkKNYdRkzGZGQ3GKB97BP2I6O6O,Diet
rWez3yphIHAXdbwoMInH64atBHHxPMa,Gluten Free
rWez3yphIHAXdbwoMInH64atBHHxPMa,Mexican Food
rWez3yphIHAXdbwoMInH64atBHHxPMa,Mediterranean Diet
rWez3yphIHAXdbwoMInH64atBHHxPMa,Diet
rWez3yphIHAXdbwoMInH64atBHHxPMa,Mediterranean Diet
.l2Fcu/JjxkzrOdMTSi1OCe2Hnp0ECW,Italian Food
.l2Fcu/JjxkzrOdMTSi1OCe2Hnp0ECW,Low Fat
eQYWLrgYn/9GU2CbCHWIBi3KyN9aj7W,Indian Food
eQYWLrgYn/9GU2CbCHWIBi3KyN9aj7W,Mediterranean Diet
1hWWkuZ9M7RQs6q3AbAuzKLHYlOHBt2,Snack
1hWWkuZ9M7RQs6q3AbAuzKLHYlOHBt2,Greek Food
1hWWkuZ9M7RQs6q3AbAuzKLHYlOHBt2,Diet
1hWWkuZ9M7RQs6q3AbAuzKLHYlOHBt2,Japanese Food
1hWWkuZ9M7RQs6q3AbAuzKLHYlOHBt2,Soups Stew and Chili
1hWWkuZ9M7RQs6q3AbAuzKLHYlOHBt2,Low Carb
9jCRg6VPLDYj2w1vIfTJiGA6MISfq.u,Main Dish
9jCRg6VPLDYj2w1vIfTJiGA6MISfq.u,Appetizer
n1RO/cIccTsMK5n8hOxs0A8uu2NPLk2,Filipino Food
n1RO/cIccTsMK5n8hOxs0A8uu2NPLk2,Snack
n1RO/cIccTsMK5n8hOxs0A8uu2NPLk2,Japanese Food
n1RO/cIccTsMK5n8hOxs0A8uu2NPLk2,Indian Food
6j79SdnlxNcKEY72KW3a0fDZGM3TEfu,Mediterranean Diet
6j79SdnlxNcKEY72KW3a0fDZGM3TEfu,Greek Food
pwqrNtLpExVWRmuu8Oc5c/A8/s61hvu,Holiday Recipes
mDgcSaAmfeRgzPTYepbjH4X70QRbj6e,Dessert
mDgcSaAmfeRgzPTYepbjH4X70QRbj6e,Italian Food
mDgcSaAmfeRgzPTYepbjH4X70QRbj6e,Snack
mDgcSaAmfeRgzPTYepbjH4X70QRbj6e,Holiday Recipes
BCoNFX8VUAvDtxt3HoJPrdeNYEBCtkO,Thai Food
BCoNFX8VUAvDtxt3HoJPrdeNYEBCtkO,German Food
BCoNFX8VUAvDtxt3HoJPrdeNYEBCtkO,Dinner
BCoNFX8VUAvDtxt3HoJPrdeNYEBCtkO,Holiday Recipes
BCoNFX8VUAvDtxt3HoJPrdeNYEBCtkO,Holiday Recipes
ivbCqdV1TE31XZCewCZqi4JM3lDa3EK,Dinner
xHRUV12yEIzDhFy8UovbxhPhuEWCs4W,Soups Stew and Chili
xHRUV12yEIzDhFy8UovbxhPhuEWCs4W,Vegetarian
xHRUV12yEIzDhFy8UovbxhPhuEWCs4W,Gluten Free
xHRUV12yEIzDhFy8UovbxhPhuEWCs4W,Vegan
Jy61MpIwIJDIA/X/tyfBI6RCuAHQ4ta,Mediterranean Diet
Jy61MpIwIJDIA/X/tyfBI6RCuAHQ4ta,Diet
Jy61MpIwIJDIA/X/tyfBI6RCuAHQ4ta,Dessert
Jy61MpIwIJDIA/X/tyfBI6RCuAHQ4ta,Vegan
Jy61MpIwIJDIA/X/tyfBI6RCuAHQ4ta,Soups Stew and Chili
Jy61MpIwIJDIA/X/tyfBI6RCuAHQ4ta,Low Fat
.Bl2KAbYq4e78bz1Ctd..wIBW7e15dS,Dinner
vicY5OzCBoIMEVAiwpntREpA076QW3C,Breakfast
vicY5OzCBoIMEVAiwpntREpA076QW3C,Mexican Food
vicY5OzCBoIMEVAiwpntREpA076QW3C,Indian Food
vicY5OzCBoIMEVAiwpntREpA076QW3C,Soups Stew and Chili
vicY5OzCBoIMEVAiwpntREpA076QW3C,Snack
vAOjYkN.lMz5.PFuqZQQpuMaWUOVHc2,Diet
vAOjYkN.lMz5.PFuqZQQpuMaWUOVHc2,Vegetarian
vAOjYkN.lMz5.PFuqZQQpuMaWUOVHc2,Soups Stew and Chili
vAOjYkN.lMz5.PFuqZQQpuMaWUOVHc2,Chinese Food
vAOjYkN.lMz5.PFuqZQQpuMaWUOVHc2,Dessert
5c1T2xaLITaasKPDVkob8ZCs8PfbTvu,Mexican Food
GoTYZ6JC/pdzrhpDpxmj9Cck5p1oOC6,Breakfast
GoTYZ6JC/pdzrhpDpxmj9Cck5p1oOC6,Dinner
GoTYZ6JC/pdzrhpDpxmj9Cck5p1oOC6,Filipino Food
GoTYZ6JC/pdzrhpDpxmj9Cck5p1oOC6,Lunch
GoTYZ6JC/pdzrhpDpxmj9Cck5p1oOC6,Breakfast
v0pGNTqiHEB9bXem4VY9CXkTsUFe/jm,Vegan
v0pGNTqiHEB9bXem4VY9CXkTsUFe/jm,German Food
v0pGNTqiHEB9bXem4VY9CXkTsUFe/jm,Chinese Food
v0pGNTqiHEB9bXem4VY9CXkTsUFe/jm,Snack
v0pGNTqiHEB9bXem4VY9CXkTsUFe/jm,Vegetarian
v0pGNTqiHEB9bXem4VY9CXkTsUFe/jm,Diet
96OsQszEgh/Ndtn04Uau1NjEJieB3Km,Side Dish
96OsQszEgh/Ndtn04Uau1NjEJieB3Km,German Food
96OsQszEgh/Ndtn04Uau1NjEJieB3Km,Thai Food
96OsQszEgh/Ndtn04Uau1NjEJieB3Km,German Food
FE8iezq58OtxSqnl4Fem/o2CCKWXw.G,Holiday Recipes
FE8iezq58OtxSqnl4Fem/o2CCKWXw.G,Low Fat
FE8iezq58OtxSqnl4Fem/o2CCKWXw.G,Dinner
xu/ehCsat1QZbBcEoFboss8kdZJk7UC,Snack
xu/ehCsat1QZbBcEoFboss8kdZJk7UC,Appetizer
cZEig4Ud8oFX2kPSrsz7Ke650NEqVRK,Vegetarian
cZEig4Ud8oFX2kPSrsz7Ke650NEqVRK,Holiday Recipes
iIMHruyrJCDs8Q5imjezGaJpSn6Amjq,German Food
iIMHruyrJCDs8Q5imjezGaJpSn6Amjq,German Food
iIMHruyrJCDs8Q5imjezGaJpSn6Amjq,Appetizer
iIMHruyrJCDs8Q5imjezGaJpSn6Amjq,Italian Food
iIMHruyrJCDs8Q5imjezGaJpSn6Amjq,Greek Food
vkvvqPI7anmpsckOS3rJfHA.HSh7rte,Dessert
vkvvqPI7anmpsckOS3rJfHA.HSh7rte,Appetizer
vkvvqPI7anmpsckOS3rJfHA.HSh7rte,Gluten Free
vkvvqPI7anmpsckOS3rJfHA.HSh7rte,Greek Food
vkvvqPI7anmpsckOS3rJfHA.HSh7rte,Mexican Food
vkvvqPI7anmpsckOS3rJfHA.HSh7rte,German Food
t/uE/73KPaMydASNjcxakSBUODzbg.i,Mediterranean Diet
w/1cZ2N63PEwWYwTsr4vW30LNpY/kmK,Vegetarian
w/1cZ2N63PEwWYwTsr4vW30LNpY/kmK,Chinese Food
47RPx8W60kTp3lLyWhx6mpVbJUaIvJy,Dinner
47RPx8W60kTp3lLyWhx6mpVbJUaIvJy,Holiday Recipes
47RPx8W60kTp3lLyWhx6mpVbJUaIvJy,Chinese Food
47RPx8W60kTp3lLyWhx6mpVbJUaIvJy,Low Carb
47RPx8W60kTp3lLyWhx6mpVbJUaIvJy,Breakfast
47RPx8W60kTp3lLyWhx6mpVbJUaIvJy,Mexican Food
jRx1M5yA8Y10hFsVZQJSD0pWiHLr4NC,Italian Food
jRx1M5yA8Y10hFsVZQJSD0pWiHLr4NC,Main Dish
jRx1M5yA8Y10hFsVZQJSD0pWiHLr4NC,Indian Food
jRx1M5yA8Y10hFsVZQJSD0pWiHLr4NC,Soups Stew and Chili
jRx1M5yA8Y10hFsVZQJSD0pWiHLr4NC,Low Fat
jRx1M5yA8Y10hFsVZQJSD0pWiHLr4NC,Filipino Food
Xs1aXR7Fr0NHW8IH7zqWbxwDEhq6zeG,Low Carb
6lCMga97sL1YATxj7CLGnqZnTXaaCca,German Food
6lCMga97sL1YATxj7CLGnqZnTXaaCca,Holiday Recipes
6lCMga97sL1YATxj7CLGnqZnTXaaCca,Japanese Food
6lCMga97sL1YATxj7CLGnqZnTXaaCca,Lunch
pV5G9TfC6gzRwXtTS751VD6Y.EejN/G,Vegetarian
pV5G9TfC6gzRwXtTS751VD6Y.EejN/G,Gluten Free
pV5G9TfC6gzRwXtTS751VD6Y.EejN/G,Spanish Food
pV5G9TfC6gzRwXtTS751VD6Y.EejN/G,Lunch
HHZv3DUz5SWoz60lCsfve0Uvh329mzO,Spanish Food
HHZv3DUz5SWoz60lCsfve0Uvh329mzO,Side Dish
Ie.EaaxBORwdqNq98aTe6zWhymsiHBq,Breakfast
Ie.EaaxBORwdqNq98aTe6zWhymsiHBq,Vegetarian
Ie.EaaxBORwdqNq98aTe6zWhymsiHBq,Side Dish
Ie.EaaxBORwdqNq98aTe6zWhymsiHBq,Low Carb
Ie.EaaxBORwdqNq98aTe6zWhymsiHBq,Lunch
Ie.EaaxBORwdqNq98aTe6zWhymsiHBq,Filipino Food
ZbjrGAfBpn9fuI11k56zPV8NQ6yQj9C,Gluten Free
ZbjrGAfBpn9fuI11k56zPV8NQ6yQj9C,Thai Food
ZbjrGAfBpn9fuI11k56zPV8NQ6yQj9C,Vegan
ZbjrGAfBpn9fuI11k56zPV8NQ6yQj9C,Holiday Recipes
CiJLJFg01uGVXMd.ZEQnREePnxZdwwy,Side Dish
CiJLJFg01uGVXMd.ZEQnREePnxZdwwy,Dessert
qZwPHIoKne6.1r5Muu7tAow/iqYo./u,Vegetarian
qZwPHIoKne6.1r5Muu7tAow/iqYo./u,Dessert
qZwPHIoKne6.1r5Muu7tAow/iqYo./u,Japanese Food
qZwPHIoKne6.1r5Muu7tAow/iqYo./u,Dessert
7Qo95snNqvV4bTBFn9goRVWgRLsTfZ2,Mexican Food
unE5OHmbbdPtMY6ygp6unUcT8zL7buW,Indian Food
unE5OHmbbdPtMY6ygp6unUcT8zL7buW,Snack
dIkhCHSuQxh5gbHOW5JPshRTDMtbM/q,Low Fat
dIkhCHSuQxh5gbHOW5JPshRTDMtbM/q,Vegan
dIkhCHSuQxh5gbHOW5JPshRTDMtbM/q,Low Fat
dIkhCHSuQxh5gbHOW5JPshRTDMtbM/q,Indian Food
n2zdS6O2jzNvAJSGcM9ENgNuEvEPliG,Holiday Recipes
n2zdS6O2jzNvAJSGcM9ENgNuEvEPliG,German Food
n2zdS6O2jzNvAJSGcM9ENgNuEvEPliG,Thai Food
n2zdS6O2jzNvAJSGcM9ENgNuEvEPliG,Dessert
n2zdS6O2jzNvAJSGcM9ENgNuEvEPliG,Low Carb
n2zdS6O2jzNvAJSGcM9ENgNuEvEPliG,Mexican Food
o22XhAeTd.m7J6T8tSE.qdQlhS1Ws5u,Dessert
o22XhAeTd.m7J6T8tSE.qdQlhS1Ws5u,German Food
SgcOdDKk.HEwZwgNgks2S.PrsXEezZS,Gluten Free
Y3JqA2PwSYSkaU.wnhkLo.LO.kvbM.u,Snack
Y3JqA2PwSYSkaU.wnhkLo.LO.kvbM.u,Soups Stew and Chili
Y3JqA2PwSYSkaU.wnhkLo.LO.kvbM.u,Mexican Food
Y3JqA2PwSYSkaU.wnhkLo.LO.kvbM.u,Spanish Food
iq8oht87X/tD0DOgD0G2AdJQpHcKB32,Spanish Food
iq8oht87X/tD0DOgD0G2AdJQpHcKB32,Mexican Food
iq8oht87X/tD0DOgD0G2AdJQpHcKB32,Filipino Food
iq8oht87X/tD0DOgD0G2AdJQpHcKB32,Indian Food
TI4R4CZaqB29BN8XOj5zImikoLw2Ieu,Diet
TI4R4CZaqB29BN8XOj5zImikoLw2Ieu,Dinner
TI4R4CZaqB29BN8XOj5zImikoLw2Ieu,Vegan
TI4R4CZaqB29BN8XOj5zImikoLw2Ieu,Breakfast
TI4R4CZaqB29BN8XOj5zImikoLw2Ieu,Soups Stew and Chili
ZpgZSHNMxAutW1M46q8SqHH23QkNqIK,Vegetarian
ZpgZSHNMxAutW1M46q8SqHH23QkNqIK,Chinese Food
ZpgZSHNMxAutW1M46q8SqHH23QkNqIK,Indian Food
ZpgZSHNMxAutW1M46q8SqHH23QkNqIK,German Food
n.zvQbfYPY8cgN2QpC/TGwr1khbhRJK,Snack
n.zvQbfYPY8cgN2QpC/TGwr1khbhRJK,Main Dish
n.zvQbfYPY8cgN2QpC/TGwr1khbhRJK,Gluten Free
n.zvQbfYPY8cgN2QpC/TGwr1khbhRJK,Filipino Food
/RFdTODXXDVdouX9e3frqkeT4v1ytnK,Greek Food
/RFdTODXXDVdouX9e3frqkeT4v1ytnK,Snack
/RFdTODXXDVdouX9e3frqkeT4v1ytnK,Chinese Food
/RFdTODXXDVdouX9e3frqkeT4v1ytnK,Lunch
/RFdTODXXDVdouX9e3frqkeT4v1ytnK,Soups Stew and Chili
/1Ciq3fOGK2B24YneWYbaoWDbeiBp9m,Chinese Food
/1Ciq3fOGK2B24YneWYbaoWDbeiBp9m,Dinner
AbSAdcdV/owyY6tXedi20Iw7G/lgMW6,Thai Food
AbSAdcdV/owyY6tXedi20Iw7G/lgMW6,Mexican Food
AbSAdcdV/owyY6tXedi20Iw7G/lgMW6,Snack
AbSAdcdV/owyY6tXedi20Iw7G/lgMW6,Diet
AbSAdcdV/owyY6tXedi20Iw7G/lgMW6,Spanish Food
.1rbuOxWLedoM53ZUWGw4RIuWOxh9FS,Mexican Food
tGvKW87TmChqGGYvXUUrPKHa97dCu3u,Dessert
tGvKW87TmChqGGYvXUUrPKHa97dCu3u,Low Carb
tGvKW87TmChqGGYvXUUrPKHa97dCu3u,Breakfast
tGvKW87TmChqGGYvXUUrPKHa97dCu3u,Dessert
66yRCiTB/vWvq/P74omjcVvv6obBWsK,Holiday Recipes
66yRCiTB/vWvq/P74omjcVvv6obBWsK,Low Carb
66yRCiTB/vWvq/P74omjcVvv6obBWsK,Vegetarian
66yRCiTB/vWvq/P74omjcVvv6obBWsK,Dessert
66yRCiTB/vWvq/P74omjcVvv6obBWsK,Appetizer
66yRCiTB/vWvq/P74omjcVvv6obBWsK,Vegetarian
kEq2KyXowfn9VZHJaq348lMB/fGHaUO,Indian Food
kEq2KyXowfn9VZHJaq348lMB/fGHaUO,Vegan
kEq2KyXowfn9VZHJaq348lMB/fGHaUO,Indian Food
kEq2KyXowfn9VZHJaq348lMB/fGHaUO,Appetizer
kEq2KyXowfn9VZHJaq348lMB/fGHaUO,Side Dish
kEq2KyXowfn9VZHJaq348lMB/fGHaUO,Snack
6RxXbE8G9aJcQwQhUraLpi.u6HF4LVK,Filipino Food
6RxXbE8G9aJcQwQhUraLpi.u6HF4LVK,Low Carb
6RxXbE8G9aJcQwQhUraLpi.u6HF4LVK,Dinner
dYsEu6hdJ5a/jOoXL9tHLRQnIfEM1Pu,Low Fat
ykO6V/WBuqLN7pBgE52pPvmj8538hga,Thai Food
ykO6V/WBuqLN7pBgE52pPvmj8538hga,Filipino Food
ykO6V/WBuqLN7pBgE52pPvmj8538hga,Thai Food
ykO6V/WBuqLN7pBgE52pPvmj8538hga,Greek Food
ykO6V/WBuqLN7pBgE52pPvmj8538hga,Breakfast
ykO6V/WBuqLN7pBgE52pPvmj8538hga,Mediterranean Diet
uXO7dnDHVwl5M/dtLmOb8EmX0yTESCy,Greek Food
8l8AkojX8npH/am/T4sMu2waR9EubhG,Holiday Recipes
8l8AkojX8npH/am/T4sMu2waR9EubhG,Side Dish
U52CYzG7Z743x.je2e.YC5qPxCDtzrO,Thai Food
U52CYzG7Z743x.je2e.YC5qPxCDtzrO,Spanish Food
U52CYzG7Z743x.je2e.YC5qPxCDtzrO,Diet
yVtoEf.WTDeRx93pCiZtkyLqVWKZDHG,Snack
yVtoEf.WTDeRx93pCiZtkyLqVWKZDHG,Filipino Food
yVtoEf.WTDeRx93pCiZtkyLqVWKZDHG,Vegan
yVtoEf.WTDeRx93pCiZtkyLqVWKZDHG,Chinese Food
yVtoEf.WTDeRx93pCiZtkyLqVWKZDHG,Vegan
ZVHsk5QnTG2xdIr6Qlm31.o7fYLpEoO,Main Dish
ZVHsk5QnTG2xdIr6Qlm31.o7fYLpEoO,German Food
ZVHsk5QnTG2xdIr6Qlm31.o7fYLpEoO,Lunch
hv/wvL1iLD2kANBoUM0E6mc8PAkI5N6,Diet
hv/wvL1iLD2kANBoUM0E6mc8PAkI5N6,Low Carb
hv/wvL1iLD2kANBoUM0E6mc8PAkI5N6,Dessert
67yG6SOpEcO5ipPEWUaqOL2KTvnZS3u,Breakfast
67yG6SOpEcO5ipPEWUaqOL2KTvnZS3u,Low Carb
67yG6SOpEcO5ipPEWUaqOL2KTvnZS3u,Greek Food
67yG6SOpEcO5ipPEWUaqOL2KTvnZS3u,Side Dish
j1l1K0Y72RgBEqo7N96gwj/RosdhPju,Dinner
j1l1K0Y72RgBEqo7N96gwj/RosdhPju,Japanese Food
j1l1K0Y72RgBEqo7N96gwj/RosdhPju,Dessert
j1l1K0Y72RgBEqo7N96gwj/RosdhPju,Breakfast
j1l1K0Y72RgBEqo7N96gwj/RosdhPju,Japanese Food
zxSd1QSMeaqw7kdahQ/L./70xCiJrb.,Italian Food
zxSd1QSMeaqw7kdahQ/L./70xCiJrb.,Diet
zxSd1QSMeaqw7kdahQ/L./70xCiJrb.,Holiday Recipes
zxSd1QSMeaqw7kdahQ/L./70xCiJrb.,Spanish Food
.RzlQoqQBLb7fMXJCLEpMAA0BjDELSK,Vegetarian
.RzlQoqQBLb7fMXJCLEpMAA0BjDELSK,Thai Food
.RzlQoqQBLb7fMXJCLEpMAA0BjDELSK,Japanese Food
.RzlQoqQBLb7fMXJCLEpMAA0BjDELSK,Greek Food
.RzlQoqQBLb7fMXJCLEpMAA0BjDELSK,Chinese Food
.RzlQoqQBLb7fMXJCLEpMAA0BjDELSK,Appetizer
yy9pWFtmrTpK0JF3HKS4nl1uoqa5YG.,Soups Stew and Chili
yy9pWFtmrTpK0JF3HKS4nl1uoqa5YG.,Snack
yy9pWFtmrTpK0JF3HKS4nl1uoqa5YG.,Japanese Food
ZTpwPjVm8WXsFVFhOnXJvvScVzp7cz2,Chinese Food
ZTpwPjVm8WXsFVFhOnXJvvScVzp7cz2,Diet
..3M3xsVPQLnncQ2oYzCyhGjNe/6EB2,Low Fat
..3M3xsVPQLnncQ2oYzCyhGjNe/6EB2,Thai Food
Gui7vnPf9/fJ32bZcZCR2TWtuV9msbm,Japanese Food
Gui7vnPf9/fJ32bZcZCR2TWtuV9msbm,Low Carb
9u.XIdXVsNsSfUcDbXvZkHTgXpF/kcq,Snack
9u.XIdXVsNsSfUcDbXvZkHTgXpF/kcq,Vegetarian
dUINnST47gVjptPcUDBOY0A35WJjW/2,Appetizer
dUINnST47gVjptPcUDBOY0A35WJjW/2,Dessert
dUINnST47gVjptPcUDBOY0A35WJjW/2,German Food
dUINnST47gVjptPcUDBOY0A35WJjW/2,Thai Food
/nWcd8oOwqkbzjohMPPxQkY.oB3aXoK,Thai Food
/nWcd8oOwqkbzjohMPPxQkY.oB3aXoK,Thai Food
/nWcd8oOwqkbzjohMPPxQkY.oB3aXoK,Lunch
/nWcd8oOwqkbzjohMPPxQkY.oB3aXoK,Snack
/nWcd8oOwqkbzjohMPPxQkY.oB3aXoK,Greek Food
MhtuXwqunC.C1kGAQhewdZThlsYQ.yS,Italian Food
MhtuXwqunC.C1kGAQhewdZThlsYQ.yS,Holiday Recipes
MhtuXwqunC.C1kGAQhewdZThlsYQ.yS,Vegetarian
9P1WzqQcXiMIumNbNAlKmhCM87uFu8u,Snack
9P1WzqQcXiMIumNbNAlKmhCM87uFu8u,Low Fat
9P1WzqQcXiMIumNbNAlKmhCM87uFu8u,Soups Stew and Chili
9P1WzqQcXiMIumNbNAlKmhCM87uFu8u,Mexican Food
CyukJbvGZvnvD51CE8QRcz4VpS6W6IG,Side Dish
TtkhPjIBSn4yD2wBscNWa5T/lsiZckS,Indian Food
TtkhPjIBSn4yD2wBscNWa5T/lsiZckS,Japanese Food
TtkhPjIBSn4yD2wBscNWa5T/lsiZckS,Main Dish
1qgAvBDFheCJpKk9JZxJF27dqoSmrdm,Main Dish
zw2MBZhz4lc/KHnS/K5SU.VyK3ZJ7kC,Filipino Food
zw2MBZhz4lc/KHnS/K5SU.VyK3ZJ7kC,Greek Food
m8TdGLwaejjQzVzIcc1OeRQ4.M1JyXm,Vegetarian
m8TdGLwaejjQzVzIcc1OeRQ4.M1JyXm,Lunch
m8TdGLwaejjQzVzIcc1OeRQ4.M1JyXm,Low Carb
m8TdGLwaejjQzVzIcc1OeRQ4.M1JyXm,Mediterranean Diet
m8TdGLwaejjQzVzIcc1OeRQ4.M1JyXm,Vegetarian
LekmaxdCXU177t1iSy5mgBcMpK2ymke,Dinner
LekmaxdCXU177t1iSy5mgBcMpK2ymke,Soups Stew and Chili
LekmaxdCXU177t1iSy5mgBcMpK2ymke,Holiday Recipes
jD6i0pn4iLSEaizE2A7UMzLGYHA7EpS,Snack
jD6i0pn4iLSEaizE2A7UMzLGYHA7EpS,Low Carb
jD6i0pn4iLSEaizE2A7UMzLGYHA7EpS,Low Carb
6Mk/g0eI2NX1Onu.VxhtRCphtr6YLoy,Indian Food
6Mk/g0eI2NX1Onu.VxhtRCphtr6YLoy,Japanese Food
6Mk/g0eI2NX1Onu.VxhtRCphtr6YLoy,Vegan
6Mk/g0eI2NX1Onu.VxhtRCphtr6YLoy,Japanese Food
6Mk/g0eI2NX1Onu.VxhtRCphtr6YLoy,Diet
aC2.sDXujB17wTVVAUFhmln8JqrNCLm,Dessert
aC2.sDXujB17wTVVAUFhmln8JqrNCLm,Side Dish
4ZXpiO9d3sH36X1Deap6fpmR9nSt5Ze,Diet
4ZXpiO9d3sH36X1Deap6fpmR9nSt5Ze,Vegetarian
4ZXpiO9d3sH36X1Deap6fpmR9nSt5Ze,Indian Food
4ZXpiO9d3sH36X1Deap6fpmR9nSt5Ze,Holiday Recipes
4ZXpiO9d3sH36X1Deap6fpmR9nSt5Ze,Mexican Food
4ZXpiO9d3sH36X1Deap6fpmR9nSt5Ze,Italian Food
R31A3gO9nvhBMPeTUeaVjfCrscoGtAG,Breakfast
R31A3gO9nvhBMPeTUeaVjfCrscoGtAG,Vegetarian
R31A3gO9nvhBMPeTUeaVjfCrscoGtAG,Lunch
AaYuRg0XtVq3qnkTwH9MdHvC65qKRsG,Vegan
AaYuRg0XtVq3qnkTwH9MdHvC65qKRsG,Vegetarian
AaYuRg0XtVq3qnkTwH9MdHvC65qKRsG,Vegetarian
AaYuRg0XtVq3qnkTwH9MdHvC65qKRsG,Breakfast
AaYuRg0XtVq3qnkTwH9MdHvC65qKRsG,Diet
AaYuRg0XtVq3qnkTwH9MdHvC65qKRsG,Low Fat
4T.P2e0Q634XZW2BEWL6ZPN7yFM2mgO,Thai Food
4T.P2e0Q634XZW2BEWL6ZPN7yFM2mgO,Japanese Food
4T.P2e0Q634XZW2BEWL6ZPN7yFM2mgO,German Food
4T.P2e0Q634XZW2BEWL6ZPN7yFM2mgO,Mexican Food
6.qo1mYck4GZ/.rGtw4.1eDID4p8F56,Gluten Free
6.qo1mYck4GZ/.rGtw4.1eDID4p8F56,Low Fat
6.qo1mYck4GZ/.rGtw4.1eDID4p8F56,Spanish Food
6.qo1mYck4GZ/.rGtw4.1eDID4p8F56,German Food
6.qo1mYck4GZ/.rGtw4.1eDID4p8F56,Holiday Recipes
6.qo1mYck4GZ/.rGtw4.1eDID4p8F56,Lunch
A6VMpbHhFBIDjDYPkiZujbqHRlxaCfq,Indian Food
A6VMpbHhFBIDjDYPkiZujbqHRlxaCfq,Chinese Food
A6VMpbHhFBIDjDYPkiZujbqHRlxaCfq,Mexican Food
A6VMpbHhFBIDjDYPkiZujbqHRlxaCfq,Lunch
A6VMpbHhFBIDjDYPkiZujbqHRlxaCfq,Dinner
V0jjYTCQK7P0RXDbYFxFnvkj/TcAyWC,Mediterranean Diet
ohjcL/IyGmav0vz3tyDcNQhgOyVEU.C,Dinner
ohjcL/IyGmav0vz3tyDcNQhgOyVEU.C,Greek Food
ohjcL/IyGmav0vz3tyDcNQhgOyVEU.C,Breakfast
ohjcL/IyGmav0vz3tyDcNQhgOyVEU.C,Mexican Food
szwhEjVH0llmsObbOwsZ/EQzJTiE08K,Breakfast
szwhEjVH0llmsObbOwsZ/EQzJTiE08K,Low Carb
szwhEjVH0llmsObbOwsZ/EQzJTiE08K,Lunch
szwhEjVH0llmsObbOwsZ/EQzJTiE08K,Lunch
wxYDsLItovp2CvONFmgRtkWDgxFeiT6,Spanish Food
tJzQ2hTPyQvXI2tXEMNJp05xI61SGXG,Lunch
9aNVhy.W33MSyYftO2GjOfuCtIVFQXC,Breakfast
9aNVhy.W33MSyYftO2GjOfuCtIVFQXC,Italian Food
loAxtqu8RstY1FR0WVSxJYyYoVXz.XG,Lunch
CGaLz.ORPx2kr0QP32tEAUhz8EQcD5i,Low Fat
Illx4V5DctVrOmdw/Oq3iL.nrtd.jsi,Greek Food
Illx4V5DctVrOmdw/Oq3iL.nrtd.jsi,Breakfast
Illx4V5DctVrOmdw/Oq3iL.nrtd.jsi,Low Fat
Illx4V5DctVrOmdw/Oq3iL.nrtd.jsi,Breakfast
BPCk9Sh57O8PUfTN/SIdfbHYUuunAuK,Spanish Food
BPCk9Sh57O8PUfTN/SIdfbHYUuunAuK,Soups Stew and Chili
FMc8nXCUDRRlC/adWyAU2kenOMqlGEu,Gluten Free
CovFkbmxmQeAan3jjua2gr.l4qnwjIS,German Food
CovFkbmxmQeAan3jjua2gr.l4qnwjIS,Side Dish
CovFkbmxmQeAan3jjua2gr.l4qnwjIS,Vegan
CovFkbmxmQeAan3jjua2gr.l4qnwjIS,Soups Stew and Chili
CovFkbmxmQeAan3jjua2gr.l4qnwjIS,Diet
CovFkbmxmQeAan3jjua2gr.l4qnwjIS,Greek Food
CfGsQTOXQ3KCU6N6ls3oIsMKxRIlTfW,Vegan
CfGsQTOXQ3KCU6N6ls3oIsMKxRIlTfW,Main Dish
CfGsQTOXQ3KCU6N6ls3oIsMKxRIlTfW,Indian Food
