dishID,tool name
rmK12Uau.ntP510KeImX506H6Mr6jTu,Whisk
rmK12Uau.ntP510KeImX506H6Mr6jTu,Blender
rmK12Uau.ntP510KeImX506H6Mr6jTu,Wooden spoon
5ZpZE8hSVdPk2ZXo1mZTyoPWJRSCPSm,Cutting boards
5ZpZE8hSVdPk2ZXo1mZTyoPWJRSCPSm,Sheet pans
5ZpZE8hSVdPk2ZXo1mZTyoPWJRSCPSm,Ladle
clyYQv.CplpwJtjNaFGhx0VilNYqRxu,Cheese grater
clyYQv.CplpwJtjNaFGhx0VilNYqRxu,Whisk
clyYQv.CplpwJtjNaFGhx0VilNYqRxu,Vegetable peeler
clyYQv.CplpwJtjNaFGhx0VilNYqRxu,Colander
BmqFAmCrDHiKNwX.IQzb0U/v0mLlxFu,Mixing bowls
BmqFAmCrDHiKNwX.IQzb0U/v0mLlxFu,Stock pot
BmqFAmCrDHiKNwX.IQzb0U/v0mLlxFu,Measuring cups
BmqFAmCrDHiKNwX.IQzb0U/v0mLlxFu,Garlic press
BmqFAmCrDHiKNwX.IQzb0U/v0mLlxFu,Tongs
BmqFAmCrDHiKNwX.IQzb0U/v0mLlxFu,Slotted spoon
N.jCksRjB4MFwbgPFQU8Kg.yF.XCtOi,Muffin tin
N.jCksRjB4MFwbgPFQU8Kg.yF.XCtOi,Wok
N.jCksRjB4MFwbgPFQU8Kg.yF.XCtOi,Cooling rack
kq.naD.8G19M4UU9dVvJgHtpfo.l/eC,Muffin tin
kq.naD.8G19M4UU9dVvJgHtpfo.l/eC,Spatula
kq.naD.8G19M4UU9dVvJgHtpfo.l/eC,Zester
kq.naD.8G19M4UU9dVvJgHtpfo.l/eC,Slotted spoon
kq.naD.8G19M4UU9dVvJgHtpfo.l/eC,Frying pan
kq.naD.8G19M4UU9dVvJgHtpfo.l/eC,Tongs
lYrgWNn00EXblOupzM3tL0jGr9O0CB2,Cast iron skillet
lYrgWNn00EXblOupzM3tL0jGr9O0CB2,Glass baking sheet
lYrgWNn00EXblOupzM3tL0jGr9O0CB2,Citrus juicer
lYrgWNn00EXblOupzM3tL0jGr9O0CB2,Measuring cups
lYrgWNn00EXblOupzM3tL0jGr9O0CB2,Scissors
Fu0DgGYFUGwc0BBlN6r20o/ihOVs5bO,Toaster
Fu0DgGYFUGwc0BBlN6r20o/ihOVs5bO,Thermometer
MBRNtqELRRuv8zJH4k7Aba2bmIc2A3C,Cooling rack
MBRNtqELRRuv8zJH4k7Aba2bmIc2A3C,Frying pan
MBRNtqELRRuv8zJH4k7Aba2bmIc2A3C,Whisk
ZPyPoMiNvgAfrKcRpH9FEYV/XsPZBsW,Cooling rack
ATMxl11LFhuvTbTi9.kX4nhYE50HeJ.,Dutch oven
ATMxl11LFhuvTbTi9.kX4nhYE50HeJ.,Spatula
ATMxl11LFhuvTbTi9.kX4nhYE50HeJ.,Glass baking sheet
ATMxl11LFhuvTbTi9.kX4nhYE50HeJ.,Wooden spoon
ATMxl11LFhuvTbTi9.kX4nhYE50HeJ.,Salad spinner
2GV8OxOPn2uKhaCVoPw36Lg6tvNws9W,Muffin tin
2GV8OxOPn2uKhaCVoPw36Lg6tvNws9W,Frying pan
2GV8OxOPn2uKhaCVoPw36Lg6tvNws9W,Scissors
2GV8OxOPn2uKhaCVoPw36Lg6tvNws9W,Toaster
2GV8OxOPn2uKhaCVoPw36Lg6tvNws9W,Glass baking sheet
2GV8OxOPn2uKhaCVoPw36Lg6tvNws9W,Mixing bowls
ybAYM2rjpeMIxNBRfvU3OBaykkHIp5u,Wooden spoon
ybAYM2rjpeMIxNBRfvU3OBaykkHIp5u,Sheet pans
ybAYM2rjpeMIxNBRfvU3OBaykkHIp5u,Wok
ybAYM2rjpeMIxNBRfvU3OBaykkHIp5u,Colander
ybAYM2rjpeMIxNBRfvU3OBaykkHIp5u,Spatula
ybAYM2rjpeMIxNBRfvU3OBaykkHIp5u,Vegetable peeler
MubUROykDQT0pSI.F.pZIQ6FtFu/aVK,Cutting boards
MubUROykDQT0pSI.F.pZIQ6FtFu/aVK,Zester
MubUROykDQT0pSI.F.pZIQ6FtFu/aVK,Toaster
MubUROykDQT0pSI.F.pZIQ6FtFu/aVK,Ladle
MubUROykDQT0pSI.F.pZIQ6FtFu/aVK,Cast iron skillet
MV4wp/7ZxjlGseBT0psPW91AIeHvQ1W,Cooling rack
MV4wp/7ZxjlGseBT0psPW91AIeHvQ1W,Muffin tin
MV4wp/7ZxjlGseBT0psPW91AIeHvQ1W,Can opener
MV4wp/7ZxjlGseBT0psPW91AIeHvQ1W,Stock pot
MV4wp/7ZxjlGseBT0psPW91AIeHvQ1W,Knife
VQF9R/8uOgzCTKrPg.TnlcbeeNkRwzO,Measuring cups
wSt5d14gCsdnoX1mc.f9/p2VDGtOCJm,Thermometer
wSt5d14gCsdnoX1mc.f9/p2VDGtOCJm,Potato masher
wSt5d14gCsdnoX1mc.f9/p2VDGtOCJm,Cast iron skillet
wSt5d14gCsdnoX1mc.f9/p2VDGtOCJm,Muffin tin
unlpjtMrJRWxUfBoSSnSF6G6WIFjKkS,Measuring cups
unlpjtMrJRWxUfBoSSnSF6G6WIFjKkS,Wooden spoon
unlpjtMrJRWxUfBoSSnSF6G6WIFjKkS,Broiler pan
unlpjtMrJRWxUfBoSSnSF6G6WIFjKkS,Toaster
unlpjtMrJRWxUfBoSSnSF6G6WIFjKkS,Cheese grater
Kt0fyyj39oSYwc0nb1QeIVS/P45UxPm,Cheese grater
Kt0fyyj39oSYwc0nb1QeIVS/P45UxPm,Vegetable peeler
Kt0fyyj39oSYwc0nb1QeIVS/P45UxPm,Microwave
6IxFBbINcu1cvybDMy6UFji/ynUox9C,Whisk
Qdv27B/unN67bh4EB.jH60KfHNQjPpW,Blender
Qdv27B/unN67bh4EB.jH60KfHNQjPpW,Can opener
Qdv27B/unN67bh4EB.jH60KfHNQjPpW,Cast iron skillet
Qdv27B/unN67bh4EB.jH60KfHNQjPpW,Slotted spoon
u9.4XrD7E6t4Rfx7xSIfeNtFyMowhuC,Zester
u9.4XrD7E6t4Rfx7xSIfeNtFyMowhuC,Ladle
u9.4XrD7E6t4Rfx7xSIfeNtFyMowhuC,Blender
u9.4XrD7E6t4Rfx7xSIfeNtFyMowhuC,Sheet pans
u9.4XrD7E6t4Rfx7xSIfeNtFyMowhuC,Measuring cups
L0PCxyJV0SXAneB/xeVcHLQt5g1PRr6,Ladle
L0PCxyJV0SXAneB/xeVcHLQt5g1PRr6,Cutting boards
2.5UveE.bkE3NqxTDFlhk7Xhf6Cw7Mu,Ladle
2.5UveE.bkE3NqxTDFlhk7Xhf6Cw7Mu,Tongs
2.5UveE.bkE3NqxTDFlhk7Xhf6Cw7Mu,Measuring cups
NFOSisLons3uKgwIRzlmtxbEuPmBVxm,Silicone brush
NFOSisLons3uKgwIRzlmtxbEuPmBVxm,Potato masher
seDVeo8d/hNZt1IoUzSZUtGYseWCoja,Glass baking sheet
seDVeo8d/hNZt1IoUzSZUtGYseWCoja,Spatula
seDVeo8d/hNZt1IoUzSZUtGYseWCoja,Whisk
seDVeo8d/hNZt1IoUzSZUtGYseWCoja,Measuring spoons
VxibW5ljaeGrBLoIg6HjiAUu5jOodBG,Glass baking sheet
VxibW5ljaeGrBLoIg6HjiAUu5jOodBG,Knife
VxibW5ljaeGrBLoIg6HjiAUu5jOodBG,Ladle
VxibW5ljaeGrBLoIg6HjiAUu5jOodBG,Cast iron skillet
VxibW5ljaeGrBLoIg6HjiAUu5jOodBG,Cast iron skillet
VxibW5ljaeGrBLoIg6HjiAUu5jOodBG,Garlic press
xrLOYL9osYcG.1Wud7ymkgulTHrojOq,Measuring spoons
W16LIKfAPvl.JW4REiKBVnrhJLVsjPa,Tongs
W16LIKfAPvl.JW4REiKBVnrhJLVsjPa,Mixing bowls
W16LIKfAPvl.JW4REiKBVnrhJLVsjPa,Dutch oven
W16LIKfAPvl.JW4REiKBVnrhJLVsjPa,Wok
I2lwk9BQlPPMKf3yLlc3dLwa67BG0yu,Thermometer
I2lwk9BQlPPMKf3yLlc3dLwa67BG0yu,Cheese grater
rky8e0ifBVbpWCFd.vRctUO041Ki7ZO,Silicone brush
rky8e0ifBVbpWCFd.vRctUO041Ki7ZO,Silicone brush
rky8e0ifBVbpWCFd.vRctUO041Ki7ZO,Cast iron skillet
rky8e0ifBVbpWCFd.vRctUO041Ki7ZO,Garlic press
rky8e0ifBVbpWCFd.vRctUO041Ki7ZO,Knife
rky8e0ifBVbpWCFd.vRctUO041Ki7ZO,Muffin tin
Fvbzkkqy1/56JZfR2IgOlVM2Jr..Aku,Mixing bowls
Fvbzkkqy1/56JZfR2IgOlVM2Jr..Aku,Can opener
Fvbzkkqy1/56JZfR2IgOlVM2Jr..Aku,Thermometer
/Zcq7FFI9oOzqwcuY9zEsddkJDP9XbG,Measuring cups
/Zcq7FFI9oOzqwcuY9zEsddkJDP9XbG,Cutting boards
/Zcq7FFI9oOzqwcuY9zEsddkJDP9XbG,Ladle
/Zcq7FFI9oOzqwcuY9zEsddkJDP9XbG,Spatula
99PNE9tq7cmoGh5LvVtzOhXxYiw9qnC,Glass baking sheet
8KFNy5O0vA7My.Wc1lCXrTk2yPBPUp6,Mixing bowls
8KFNy5O0vA7My.Wc1lCXrTk2yPBPUp6,Slotted spoon
8KFNy5O0vA7My.Wc1lCXrTk2yPBPUp6,Toaster
8KFNy5O0vA7My.Wc1lCXrTk2yPBPUp6,Frying pan
8KFNy5O0vA7My.Wc1lCXrTk2yPBPUp6,Mixing bowls
8KFNy5O0vA7My.Wc1lCXrTk2yPBPUp6,Colander
gfaCm6kHYkSEn.mU/gZ9V.TsYe4kDEe,Knife
gfaCm6kHYkSEn.mU/gZ9V.TsYe4kDEe,Vegetable peeler
gfaCm6kHYkSEn.mU/gZ9V.TsYe4kDEe,Citrus juicer
gfaCm6kHYkSEn.mU/gZ9V.TsYe4kDEe,Blender
gfaCm6kHYkSEn.mU/gZ9V.TsYe4kDEe,Microwave
gfaCm6kHYkSEn.mU/gZ9V.TsYe4kDEe,Slow cooker
mSARhmSYlNTO.ydTZLphFOUuUZD7M3K,Stock pot
mSARhmSYlNTO.ydTZLphFOUuUZD7M3K,Cast iron skillet
mSARhmSYlNTO.ydTZLphFOUuUZD7M3K,Tongs
j8xfG0j/KQxcGj70imMBDQadvck/Y/e,Broiler pan
j8xfG0j/KQxcGj70imMBDQadvck/Y/e,Whisk
j8xfG0j/KQxcGj70imMBDQadvck/Y/e,Cheese grater
j8xfG0j/KQxcGj70imMBDQadvck/Y/e,Slotted spoon
j8xfG0j/KQxcGj70imMBDQadvck/Y/e,Measuring spoons
cyHqD.DIB9XrPO8gZuH5bRiu2hMRBnm,Microwave
cyHqD.DIB9XrPO8gZuH5bRiu2hMRBnm,Vegetable peeler
cyHqD.DIB9XrPO8gZuH5bRiu2hMRBnm,Ladle
cyHqD.DIB9XrPO8gZuH5bRiu2hMRBnm,Mixing bowls
cyHqD.DIB9XrPO8gZuH5bRiu2hMRBnm,Sheet pans
cyHqD.DIB9XrPO8gZuH5bRiu2hMRBnm,Tongs
MVqD97HCNdZq9HWOVxx8YXp427Si5gy,Garlic press
MVqD97HCNdZq9HWOVxx8YXp427Si5gy,Broiler pan
XPZVJf3403ZY8TaQjhl/MAEFAAzsXRa,Measuring cups
J8NArm6hsz0b6yVcc.UZBEvexvjG8Sy,Blender
J8NArm6hsz0b6yVcc.UZBEvexvjG8Sy,Wooden spoon
J8NArm6hsz0b6yVcc.UZBEvexvjG8Sy,Muffin tin
UxpOTenDP2ohz10AFKIA.1XXWkwZdyK,Ladle
UxpOTenDP2ohz10AFKIA.1XXWkwZdyK,Sheet pans
UxpOTenDP2ohz10AFKIA.1XXWkwZdyK,Mixing bowls
oqGqJnVANYmlpH13aos8qaC38VJwkle,Broiler pan
MZmglJzuIZ50kxpzdMyF6T3OS0M1tHS,Frying pan
avzjXwt2v6oKupuE9JNncnjebguqTUq,Blender
0HYXGhT.orY/mzW6gbjmNn/l4iRGOue,Sauce pan
0HYXGhT.orY/mzW6gbjmNn/l4iRGOue,Mixing bowls
0HYXGhT.orY/mzW6gbjmNn/l4iRGOue,Garlic press
l455Uj3RbPQWBSJUmj9EqK0Tc.cZQpi,Toaster
l455Uj3RbPQWBSJUmj9EqK0Tc.cZQpi,Microwave
l455Uj3RbPQWBSJUmj9EqK0Tc.cZQpi,Rice cooker
l455Uj3RbPQWBSJUmj9EqK0Tc.cZQpi,Rice cooker
l455Uj3RbPQWBSJUmj9EqK0Tc.cZQpi,Knife
l455Uj3RbPQWBSJUmj9EqK0Tc.cZQpi,Cheese grater
TnK5Ciy8mscPibFx2jTJHbu5zDC4wYm,Blender
TnK5Ciy8mscPibFx2jTJHbu5zDC4wYm,Can opener
TnK5Ciy8mscPibFx2jTJHbu5zDC4wYm,Scissors
TnK5Ciy8mscPibFx2jTJHbu5zDC4wYm,Muffin tin
TnK5Ciy8mscPibFx2jTJHbu5zDC4wYm,Thermometer
YnMBkYpLIX.7CwVjJpMHO52IHOhxPAi,Wok
YnMBkYpLIX.7CwVjJpMHO52IHOhxPAi,Ladle
YnMBkYpLIX.7CwVjJpMHO52IHOhxPAi,Measuring cups
YnMBkYpLIX.7CwVjJpMHO52IHOhxPAi,Vegetable peeler
DvnbTZ2ePbVTHXmrc.n13YopTHeo9WO,Broiler pan
DvnbTZ2ePbVTHXmrc.n13YopTHeo9WO,Salad spinner
DvnbTZ2ePbVTHXmrc.n13YopTHeo9WO,Sheet pans
DvnbTZ2ePbVTHXmrc.n13YopTHeo9WO,Knife
DvnbTZ2ePbVTHXmrc.n13YopTHeo9WO,Microwave
k7qcbQSKW.Cej1OLEtw3Y9GpL/Zx0dG,Measuring cups
k7qcbQSKW.Cej1OLEtw3Y9GpL/Zx0dG,Sauce pan
k7qcbQSKW.Cej1OLEtw3Y9GpL/Zx0dG,Colander
k7qcbQSKW.Cej1OLEtw3Y9GpL/Zx0dG,Wooden spoon
k7qcbQSKW.Cej1OLEtw3Y9GpL/Zx0dG,Cooling rack
xnjwYdh.H9w34Sl6Magj5a/O/aZfdO.,Salad spinner
xnjwYdh.H9w34Sl6Magj5a/O/aZfdO.,Cheese grater
xnjwYdh.H9w34Sl6Magj5a/O/aZfdO.,Salad spinner
xnjwYdh.H9w34Sl6Magj5a/O/aZfdO.,Wok
xnjwYdh.H9w34Sl6Magj5a/O/aZfdO.,Glass baking sheet
xnjwYdh.H9w34Sl6Magj5a/O/aZfdO.,Wok
DKJZmOthu.RmwQiQ/.Qn.UcdScCc5Ay,Cast iron skillet
DKJZmOthu.RmwQiQ/.Qn.UcdScCc5Ay,Stock pot
DKJZmOthu.RmwQiQ/.Qn.UcdScCc5Ay,Whisk
DKJZmOthu.RmwQiQ/.Qn.UcdScCc5Ay,Broiler pan
XH9xcGEA0RGwYaGUFHOGku.EmgG.4UW,Slotted spoon
FJTYczDeAzLZrDW4.02x6sIxiv7sJFm,Slow cooker
FJTYczDeAzLZrDW4.02x6sIxiv7sJFm,Wok
FJTYczDeAzLZrDW4.02x6sIxiv7sJFm,Wok
FJTYczDeAzLZrDW4.02x6sIxiv7sJFm,Scissors
FJTYczDeAzLZrDW4.02x6sIxiv7sJFm,Vegetable peeler
FJTYczDeAzLZrDW4.02x6sIxiv7sJFm,Whisk
f.1fMufblq19L2lUSuQvWNI31oZvSxe,Cast iron skillet
f.1fMufblq19L2lUSuQvWNI31oZvSxe,Frying pan
f.1fMufblq19L2lUSuQvWNI31oZvSxe,Zester
tZgm5sdag2ebITxUprEAgnoApUyX04K,Thermometer
tZgm5sdag2ebITxUprEAgnoApUyX04K,Salad spinner
tZgm5sdag2ebITxUprEAgnoApUyX04K,Microwave
2aJ2cl3CRe29W8ROwo/v41CWE2qdfaK,Toaster
2aJ2cl3CRe29W8ROwo/v41CWE2qdfaK,Vegetable peeler
2aJ2cl3CRe29W8ROwo/v41CWE2qdfaK,Garlic press
2aJ2cl3CRe29W8ROwo/v41CWE2qdfaK,Sauce pan
2aJ2cl3CRe29W8ROwo/v41CWE2qdfaK,Vegetable peeler
vYbVvMVc9wOiKn3opPqIxS1gVNSAIre,Measuring cups
vYbVvMVc9wOiKn3opPqIxS1gVNSAIre,Whisk
IfNzG8aBpG/fnBMB2ZAv536YVqLTD.G,Microwave
IfNzG8aBpG/fnBMB2ZAv536YVqLTD.G,Vegetable peeler
IfNzG8aBpG/fnBMB2ZAv536YVqLTD.G,Cooling rack
7e5jeLd6.Q2kat3EaroPPSLLAiuD7Ma,Dutch oven
7e5jeLd6.Q2kat3EaroPPSLLAiuD7Ma,Cast iron skillet
7e5jeLd6.Q2kat3EaroPPSLLAiuD7Ma,Potato masher
7e5jeLd6.Q2kat3EaroPPSLLAiuD7Ma,Blender
jqPri0WJFBePvcAW72YAhC.MYbGm6nK,Microwave
jqPri0WJFBePvcAW72YAhC.MYbGm6nK,Tongs
jqPri0WJFBePvcAW72YAhC.MYbGm6nK,Potato masher
jqPri0WJFBePvcAW72YAhC.MYbGm6nK,Stock pot
jqPri0WJFBePvcAW72YAhC.MYbGm6nK,Garlic press
jqPri0WJFBePvcAW72YAhC.MYbGm6nK,Ladle
LZCaBYwZnyQ/fOAskBw9hEP5dfuFVWi,Whisk
LZCaBYwZnyQ/fOAskBw9hEP5dfuFVWi,Salad spinner
LZCaBYwZnyQ/fOAskBw9hEP5dfuFVWi,Potato masher
LZCaBYwZnyQ/fOAskBw9hEP5dfuFVWi,Measuring spoons
LZCaBYwZnyQ/fOAskBw9hEP5dfuFVWi,Sauce pan
LZCaBYwZnyQ/fOAskBw9hEP5dfuFVWi,Cutting boards
FbpOmvNPN6PgEVIBsiFrVpgIFfmWYgu,Frying pan
FbpOmvNPN6PgEVIBsiFrVpgIFfmWYgu,Ladle
/tZeVpM8U.MsGv1FY8bDD3IzuQJri4G,Tongs
/tZeVpM8U.MsGv1FY8bDD3IzuQJri4G,Vegetable peeler
/tZeVpM8U.MsGv1FY8bDD3IzuQJri4G,Cast iron skillet
/tZeVpM8U.MsGv1FY8bDD3IzuQJri4G,Vegetable peeler
/tZeVpM8U.MsGv1FY8bDD3IzuQJri4G,Can opener
DdXKR1kpGBoPtOVFy6zc00OT4z6xoJO,Cast iron skillet
XrHOR3s/j.yEsa1vMjCiHmnH385yKCm,Measuring spoons
XrHOR3s/j.yEsa1vMjCiHmnH385yKCm,Vegetable peeler
XrHOR3s/j.yEsa1vMjCiHmnH385yKCm,Frying pan
XrHOR3s/j.yEsa1vMjCiHmnH385yKCm,Cooling rack
vR7rVhXdC/7q8mNrivDwRdSciLRvnLa,Garlic press
vR7rVhXdC/7q8mNrivDwRdSciLRvnLa,Broiler pan
vR7rVhXdC/7q8mNrivDwRdSciLRvnLa,Zester
4JGjgjL9NIgOe4Truv5Ku.fKQS7v6q.,Stock pot
4JGjgjL9NIgOe4Truv5Ku.fKQS7v6q.,Spatula
4JGjgjL9NIgOe4Truv5Ku.fKQS7v6q.,Sauce pan
Z470ZwwIMSFjSfOOLp56How4gfDD5JC,Sauce pan
Z470ZwwIMSFjSfOOLp56How4gfDD5JC,Zester
Z470ZwwIMSFjSfOOLp56How4gfDD5JC,Potato masher
Z470ZwwIMSFjSfOOLp56How4gfDD5JC,Tongs
pCkhtSCUJzuOgFaPRmEHjXVAQAx6s.i,Citrus juicer
pCkhtSCUJzuOgFaPRmEHjXVAQAx6s.i,Garlic press
pCkhtSCUJzuOgFaPRmEHjXVAQAx6s.i,Cutting boards
pCkhtSCUJzuOgFaPRmEHjXVAQAx6s.i,Measuring spoons
rDZ0RKJH3XN24b0AcYq.xEvrWT/vUDe,Rice cooker
rDZ0RKJH3XN24b0AcYq.xEvrWT/vUDe,Microwave
zFSV3sUvD.noC9XMQ8O7qXdEbsgNJXm,Citrus juicer
zFSV3sUvD.noC9XMQ8O7qXdEbsgNJXm,Stock pot
zFSV3sUvD.noC9XMQ8O7qXdEbsgNJXm,Measuring spoons
zFSV3sUvD.noC9XMQ8O7qXdEbsgNJXm,Muffin tin
zFSV3sUvD.noC9XMQ8O7qXdEbsgNJXm,Cast iron skillet
I2DzWJamzeouN38IaDHN9h7vPt0Nko2,Salad spinner
I2DzWJamzeouN38IaDHN9h7vPt0Nko2,Toaster
I2DzWJamzeouN38IaDHN9h7vPt0Nko2,Muffin tin
I2DzWJamzeouN38IaDHN9h7vPt0Nko2,Wooden spoon
I2DzWJamzeouN38IaDHN9h7vPt0Nko2,Cutting boards
I2DzWJamzeouN38IaDHN9h7vPt0Nko2,Microwave
LRoHBAZFeYjviizHAQWM7LkOKdzq/N2,Cooling rack
LRoHBAZFeYjviizHAQWM7LkOKdzq/N2,Knife
p3go7FL1oWNfhu4fND7tNzYFlZ/vS0m,Muffin tin
p3go7FL1oWNfhu4fND7tNzYFlZ/vS0m,Scissors
p3go7FL1oWNfhu4fND7tNzYFlZ/vS0m,Broiler pan
HMrba2uZU/zCd7CeC5wGZTKPlPKEndS,Tongs
HMrba2uZU/zCd7CeC5wGZTKPlPKEndS,Toaster
Kak0B9KPIMjib1zYDiDJUfrzsauTDsG,Glass baking sheet
Kak0B9KPIMjib1zYDiDJUfrzsauTDsG,Ladle
Kak0B9KPIMjib1zYDiDJUfrzsauTDsG,Toaster
Kak0B9KPIMjib1zYDiDJUfrzsauTDsG,Microwave
Kak0B9KPIMjib1zYDiDJUfrzsauTDsG,Scissors
Kak0B9KPIMjib1zYDiDJUfrzsauTDsG,Dutch oven
8yczB40n/hev2xe0t4RecozPoNPk8Yu,Broiler pan
8yczB40n/hev2xe0t4RecozPoNPk8Yu,Rice cooker
m2RjqLvwagdB43OyMAzC/9h8QHkohqG,Broiler pan
58uQ1d8Q08zEOQ6qbJzg7nyHJWX4Q66,Sauce pan
jTBan7Yu32ZIK.L719EiKnlUS26xbKu,Whisk
jTBan7Yu32ZIK.L719EiKnlUS26xbKu,Blender
3iHGHwV3IRm/iolIS78CEuS1R4EEtOi,Wok
3iHGHwV3IRm/iolIS78CEuS1R4EEtOi,Measuring cups
3iHGHwV3IRm/iolIS78CEuS1R4EEtOi,Zester
3iHGHwV3IRm/iolIS78CEuS1R4EEtOi,Muffin tin
3iHGHwV3IRm/iolIS78CEuS1R4EEtOi,Tongs
3iHGHwV3IRm/iolIS78CEuS1R4EEtOi,Scissors
bA6ELvmr8Tfld0rTPmcvQUYD2xtp/Yy,Spatula
A19Frdd8.o/bNfORmAqbyf9t8Bv21Ui,Thermometer
7WKQ.11bCVj2i/uRzxqMmmRUPcdRyBy,Spatula
7WKQ.11bCVj2i/uRzxqMmmRUPcdRyBy,Vegetable peeler
7WKQ.11bCVj2i/uRzxqMmmRUPcdRyBy,Toaster
7WKQ.11bCVj2i/uRzxqMmmRUPcdRyBy,Measuring spoons
7WKQ.11bCVj2i/uRzxqMmmRUPcdRyBy,Toaster
7WKQ.11bCVj2i/uRzxqMmmRUPcdRyBy,Potato masher
3fQwiGqvuM8RWd.tOVlajARwMKwA2ne,Spatula
3fQwiGqvuM8RWd.tOVlajARwMKwA2ne,Wok
3fQwiGqvuM8RWd.tOVlajARwMKwA2ne,Slow cooker
3fQwiGqvuM8RWd.tOVlajARwMKwA2ne,Stock pot
3fQwiGqvuM8RWd.tOVlajARwMKwA2ne,Zester
TQLFlybf8VMQ1NNW42GKmam8Vh/5QQC,Measuring spoons
TQLFlybf8VMQ1NNW42GKmam8Vh/5QQC,Slotted spoon
TQLFlybf8VMQ1NNW42GKmam8Vh/5QQC,Thermometer
U/gtP5fRvGnpWbKR6nUaPkPPeKrF2uO,Thermometer
U/gtP5fRvGnpWbKR6nUaPkPPeKrF2uO,Salad spinner
U/gtP5fRvGnpWbKR6nUaPkPPeKrF2uO,Cast iron skillet
KM7VSbPRAjk6QQHthbtHa7RBcGUScTS,Tongs
S30yAxZm08.3zpU2J4Ik0AZEnfkg0bO,Toaster
S30yAxZm08.3zpU2J4Ik0AZEnfkg0bO,Knife
kEEScv3I9aq7VxzOgcsSI2FyeSPD8O.,Sauce pan
kEEScv3I9aq7VxzOgcsSI2FyeSPD8O.,Cutting boards
kEEScv3I9aq7VxzOgcsSI2FyeSPD8O.,Zester
kEEScv3I9aq7VxzOgcsSI2FyeSPD8O.,Dutch oven
.AvQI1LPlun.tklhcDmiUxSG4Gzex76,Zester
.AvQI1LPlun.tklhcDmiUxSG4Gzex76,Scissors
.AvQI1LPlun.tklhcDmiUxSG4Gzex76,Silicone brush
.AvQI1LPlun.tklhcDmiUxSG4Gzex76,Ladle
.AvQI1LPlun.tklhcDmiUxSG4Gzex76,Spatula
.AvQI1LPlun.tklhcDmiUxSG4Gzex76,Tongs
iOvAOMRQhwiRk/0djvixhXSy21Ndj5y,Citrus juicer
iOvAOMRQhwiRk/0djvixhXSy21Ndj5y,Can opener
iOvAOMRQhwiRk/0djvixhXSy21Ndj5y,Broiler pan
iOvAOMRQhwiRk/0djvixhXSy21Ndj5y,Measuring spoons
iOvAOMRQhwiRk/0djvixhXSy21Ndj5y,Thermometer
cu.PPkdTeAWw3KrgheaUv6DcKvR61hO,Cheese grater
cu.PPkdTeAWw3KrgheaUv6DcKvR61hO,Measuring cups
cu.PPkdTeAWw3KrgheaUv6DcKvR61hO,Toaster
cu.PPkdTeAWw3KrgheaUv6DcKvR61hO,Sheet pans
K4luoiT2p7QXTzd8EcazxWYsrv1gEvW,Measuring cups
K4luoiT2p7QXTzd8EcazxWYsrv1gEvW,Ladle
K4luoiT2p7QXTzd8EcazxWYsrv1gEvW,Slotted spoon
oUBeflkmRQIXeoSB2B6NScFpqhof7Oe,Broiler pan
/wZR/iNA65GRcrkZwOaYn3mkNao8LE.,Salad spinner
4SKJyau413X817p8LAffto9iCyt6Nc.,Slow cooker
4SKJyau413X817p8LAffto9iCyt6Nc.,Silicone brush
4SKJyau413X817p8LAffto9iCyt6Nc.,Mixing bowls
QVPNMtrpqZDbM5K6hYfMTb2Ez4.jlfa,Broiler pan
QVPNMtrpqZDbM5K6hYfMTb2Ez4.jlfa,Garlic press
1fwIs9Xy0U8sYd1SexLowhUaKwHEM.q,Thermometer
HhUppK44pVvVx.ezf6GmezqLivOByXm,Cast iron skillet
HhUppK44pVvVx.ezf6GmezqLivOByXm,Slotted spoon
HhUppK44pVvVx.ezf6GmezqLivOByXm,Ladle
HhUppK44pVvVx.ezf6GmezqLivOByXm,Vegetable peeler
HhUppK44pVvVx.ezf6GmezqLivOByXm,Sheet pans
8ESqKbI2nnKDkNp3YVikKLsrMkban8S,Wok
8ESqKbI2nnKDkNp3YVikKLsrMkban8S,Scissors
8ESqKbI2nnKDkNp3YVikKLsrMkban8S,Wooden spoon
8ESqKbI2nnKDkNp3YVikKLsrMkban8S,Colander
8ESqKbI2nnKDkNp3YVikKLsrMkban8S,Silicone brush
kT2uKzUyX5pAiZwrF608p306cnP/zqq,Sauce pan
kT2uKzUyX5pAiZwrF608p306cnP/zqq,Salad spinner
kT2uKzUyX5pAiZwrF608p306cnP/zqq,Colander
mV1FAEXZpL9bXn0aXHWyLemvBAG0nlC,Cooling rack
mV1FAEXZpL9bXn0aXHWyLemvBAG0nlC,Slow cooker
mV1FAEXZpL9bXn0aXHWyLemvBAG0nlC,Glass baking sheet
mV1FAEXZpL9bXn0aXHWyLemvBAG0nlC,Rice cooker
2DzwXff.fOu.uz79F.DR8.0nX7NlIYa,Frying pan
2DzwXff.fOu.uz79F.DR8.0nX7NlIYa,Rice cooker
2DzwXff.fOu.uz79F.DR8.0nX7NlIYa,Measuring spoons
2DzwXff.fOu.uz79F.DR8.0nX7NlIYa,Microwave
2DzwXff.fOu.uz79F.DR8.0nX7NlIYa,Ladle
2DzwXff.fOu.uz79F.DR8.0nX7NlIYa,Sauce pan
elIrYoQ/QftnsW9V0eDiLfYBUwJCfPG,Broiler pan
elIrYoQ/QftnsW9V0eDiLfYBUwJCfPG,Muffin tin
elIrYoQ/QftnsW9V0eDiLfYBUwJCfPG,Broiler pan
elIrYoQ/QftnsW9V0eDiLfYBUwJCfPG,Thermometer
elIrYoQ/QftnsW9V0eDiLfYBUwJCfPG,Cheese grater
elIrYoQ/QftnsW9V0eDiLfYBUwJCfPG,Wok
PBKduCo2ePsNYRVmJKsAKojIyt9GNWG,Blender
PBKduCo2ePsNYRVmJKsAKojIyt9GNWG,Rice cooker
PBKduCo2ePsNYRVmJKsAKojIyt9GNWG,Sheet pans
PBKduCo2ePsNYRVmJKsAKojIyt9GNWG,Sheet pans
PBKduCo2ePsNYRVmJKsAKojIyt9GNWG,Colander
8LwDZxcNVpXQAJMufYu7zXRuyfSl7pq,Vegetable peeler
8LwDZxcNVpXQAJMufYu7zXRuyfSl7pq,Vegetable peeler
8LwDZxcNVpXQAJMufYu7zXRuyfSl7pq,Dutch oven
8LwDZxcNVpXQAJMufYu7zXRuyfSl7pq,Frying pan
8LwDZxcNVpXQAJMufYu7zXRuyfSl7pq,Knife
8LwDZxcNVpXQAJMufYu7zXRuyfSl7pq,Zester
Ev4O/q7MokUXqz4Mf4ir3/MklbKJTTa,Silicone brush
Ev4O/q7MokUXqz4Mf4ir3/MklbKJTTa,Muffin tin
Ev4O/q7MokUXqz4Mf4ir3/MklbKJTTa,Mixing bowls
Ev4O/q7MokUXqz4Mf4ir3/MklbKJTTa,Tongs
I6aqKJ7j9CwdyngKiQp665BEQFBQf..,Colander
I6aqKJ7j9CwdyngKiQp665BEQFBQf..,Slotted spoon
qgCuMVPAyc0iPJ65sc9qGsxpHY5dMjm,Cutting boards
.EdmLjNUIrrHXTd/LwLl5Iz8RnzHHOi,Silicone brush
.EdmLjNUIrrHXTd/LwLl5Iz8RnzHHOi,Potato masher
.EdmLjNUIrrHXTd/LwLl5Iz8RnzHHOi,Blender
0yqhw/Wq810GWHyO.CM31gWFGjEBx22,Scissors
a2trc7J5PnPFOlIZ/YRwnRBeHlVw1DO,Cutting boards
a2trc7J5PnPFOlIZ/YRwnRBeHlVw1DO,Silicone brush
a2trc7J5PnPFOlIZ/YRwnRBeHlVw1DO,Slow cooker
i5Ggpro.UnJbl/xcTlb4Xx.c9a.g9GW,Slotted spoon
i5Ggpro.UnJbl/xcTlb4Xx.c9a.g9GW,Microwave
i5Ggpro.UnJbl/xcTlb4Xx.c9a.g9GW,Broiler pan
i5Ggpro.UnJbl/xcTlb4Xx.c9a.g9GW,Cooling rack
DNkMQKLmcxTc8FgfTMylzdywg0.8i2K,Measuring cups
DNkMQKLmcxTc8FgfTMylzdywg0.8i2K,Slotted spoon
DNkMQKLmcxTc8FgfTMylzdywg0.8i2K,Spatula
Va./42S09Qmifebzn5Oe8gHAB19PXqe,Garlic press
Va./42S09Qmifebzn5Oe8gHAB19PXqe,Mixing bowls
Va./42S09Qmifebzn5Oe8gHAB19PXqe,Mixing bowls
Va./42S09Qmifebzn5Oe8gHAB19PXqe,Microwave
Va./42S09Qmifebzn5Oe8gHAB19PXqe,Thermometer
j50YQPgFbP82cp73lmT6tF1Fou3gZhO,Can opener
j50YQPgFbP82cp73lmT6tF1Fou3gZhO,Ladle
j50YQPgFbP82cp73lmT6tF1Fou3gZhO,Salad spinner
j50YQPgFbP82cp73lmT6tF1Fou3gZhO,Thermometer
j50YQPgFbP82cp73lmT6tF1Fou3gZhO,Stock pot
j50YQPgFbP82cp73lmT6tF1Fou3gZhO,Wooden spoon
ikMQ8kiYSPr/LykJr5dsIg8H/2iADGa,Cutting boards
ikMQ8kiYSPr/LykJr5dsIg8H/2iADGa,Colander
ikMQ8kiYSPr/LykJr5dsIg8H/2iADGa,Cutting boards
ikMQ8kiYSPr/LykJr5dsIg8H/2iADGa,Silicone brush
ikMQ8kiYSPr/LykJr5dsIg8H/2iADGa,Knife
z4UmOkjQUGY1IHKXOpU5ofNQ/Q4JB6a,Sauce pan
z4UmOkjQUGY1IHKXOpU5ofNQ/Q4JB6a,Knife
z4UmOkjQUGY1IHKXOpU5ofNQ/Q4JB6a,Measuring spoons
cwSqTihIczCkvSpiRZwCQIvndgwf3V6,Cooling rack
cwSqTihIczCkvSpiRZwCQIvndgwf3V6,Microwave
cwSqTihIczCkvSpiRZwCQIvndgwf3V6,Garlic press
WU8SCXWBgual8fsGyJG9MhMLnzTySjO,Thermometer
WU8SCXWBgual8fsGyJG9MhMLnzTySjO,Cutting boards
WU8SCXWBgual8fsGyJG9MhMLnzTySjO,Blender
WU8SCXWBgual8fsGyJG9MhMLnzTySjO,Broiler pan
jcSnl4XGCXXKLJlRJCrjSC4PzT336nK,Silicone brush
jcSnl4XGCXXKLJlRJCrjSC4PzT336nK,Vegetable peeler
jcSnl4XGCXXKLJlRJCrjSC4PzT336nK,Blender
jcSnl4XGCXXKLJlRJCrjSC4PzT336nK,Sheet pans
jcSnl4XGCXXKLJlRJCrjSC4PzT336nK,Ladle
jcSnl4XGCXXKLJlRJCrjSC4PzT336nK,Dutch oven
bdQo6JS.5Yh1ZNPrPsT4XvPdku/yLVm,Ladle
bdQo6JS.5Yh1ZNPrPsT4XvPdku/yLVm,Cooling rack
bdQo6JS.5Yh1ZNPrPsT4XvPdku/yLVm,Potato masher
bdQo6JS.5Yh1ZNPrPsT4XvPdku/yLVm,Zester
FCiu.frHIrsUOXEeR4JsJDUpHAtfC9G,Cast iron skillet
FCiu.frHIrsUOXEeR4JsJDUpHAtfC9G,Cutting boards
FCiu.frHIrsUOXEeR4JsJDUpHAtfC9G,Wok
FCiu.frHIrsUOXEeR4JsJDUpHAtfC9G,Mixing bowls
nd.OsXSD.zCxkR73KOAewD465x9zw1a,Citrus juicer
nd.OsXSD.zCxkR73KOAewD465x9zw1a,Blender
nd.OsXSD.zCxkR73KOAewD465x9zw1a,Colander
nd.OsXSD.zCxkR73KOAewD465x9zw1a,Salad spinner
nd.OsXSD.zCxkR73KOAewD465x9zw1a,Zester
nd.OsXSD.zCxkR73KOAewD465x9zw1a,Blender
F1dwYmaEwLdbs4BvwlhivOMYK9HyRja,Whisk
F1dwYmaEwLdbs4BvwlhivOMYK9HyRja,Knife
F1dwYmaEwLdbs4BvwlhivOMYK9HyRja,Cutting boards
F1dwYmaEwLdbs4BvwlhivOMYK9HyRja,Sheet pans
F1dwYmaEwLdbs4BvwlhivOMYK9HyRja,Wok
uKDCSodD20VCyG.XJoR8k7pN3Mn4Usm,Tongs
uKDCSodD20VCyG.XJoR8k7pN3Mn4Usm,Broiler pan
uKDCSodD20VCyG.XJoR8k7pN3Mn4Usm,Zester
uKDCSodD20VCyG.XJoR8k7pN3Mn4Usm,Knife
uxCyVQo0T0nUYoOTR0pNz8r8z7c6lCu,Blender
EUgJFyF.MO6Kr9XXg/LDo.tF1MTtixC,Spatula
EUgJFyF.MO6Kr9XXg/LDo.tF1MTtixC,Sheet pans
SJb4jDxEHVbrvGycc7y4eo.l95i/Suy,Cheese grater
SJb4jDxEHVbrvGycc7y4eo.l95i/Suy,Measuring spoons
SJb4jDxEHVbrvGycc7y4eo.l95i/Suy,Silicone brush
SJb4jDxEHVbrvGycc7y4eo.l95i/Suy,Salad spinner
uIinfQGYZ1M5cPpYUUSjcX4mODsu.P.,Glass baking sheet
cCDjoj8YCHH57hXHtg7q2utK8EntBoS,Colander
cCDjoj8YCHH57hXHtg7q2utK8EntBoS,Silicone brush
cCDjoj8YCHH57hXHtg7q2utK8EntBoS,Knife
cCDjoj8YCHH57hXHtg7q2utK8EntBoS,Rice cooker
cCDjoj8YCHH57hXHtg7q2utK8EntBoS,Whisk
KN9yelNk2dBtaO6hB/582QEg1hllglC,Slotted spoon
KN9yelNk2dBtaO6hB/582QEg1hllglC,Tongs
KN9yelNk2dBtaO6hB/582QEg1hllglC,Silicone brush
IthEV4XHvAMjuQP8bautNTR6j5Svhgu,Ladle
IthEV4XHvAMjuQP8bautNTR6j5Svhgu,Sheet pans
IthEV4XHvAMjuQP8bautNTR6j5Svhgu,Zester
cErokE1e7Fv211rE8TWg8us3imyyzlW,Thermometer
cErokE1e7Fv211rE8TWg8us3imyyzlW,Cast iron skillet
cErokE1e7Fv211rE8TWg8us3imyyzlW,Cheese grater
cErokE1e7Fv211rE8TWg8us3imyyzlW,Dutch oven
cErokE1e7Fv211rE8TWg8us3imyyzlW,Wooden spoon
09KWB7axdZqthEh4WmXcbwQ6j01pSe.,Rice cooker
09KWB7axdZqthEh4WmXcbwQ6j01pSe.,Ladle
09KWB7axdZqthEh4WmXcbwQ6j01pSe.,Dutch oven
09KWB7axdZqthEh4WmXcbwQ6j01pSe.,Can opener
09KWB7axdZqthEh4WmXcbwQ6j01pSe.,Cutting boards
09KWB7axdZqthEh4WmXcbwQ6j01pSe.,Potato masher
6HrEL2Ah2/rSaiWx0AIYWl4uMugScBy,Citrus juicer
6HrEL2Ah2/rSaiWx0AIYWl4uMugScBy,Tongs
6HrEL2Ah2/rSaiWx0AIYWl4uMugScBy,Can opener
LOs5DRMJjmcvAUjUcxjX1fXHL4EWQyG,Dutch oven
LOs5DRMJjmcvAUjUcxjX1fXHL4EWQyG,Slow cooker
srPgjYTdCdHJgmFSHwrL8Zd/Cqar9MS,Mixing bowls
srPgjYTdCdHJgmFSHwrL8Zd/Cqar9MS,Frying pan
srPgjYTdCdHJgmFSHwrL8Zd/Cqar9MS,Whisk
srPgjYTdCdHJgmFSHwrL8Zd/Cqar9MS,Muffin tin
srPgjYTdCdHJgmFSHwrL8Zd/Cqar9MS,Dutch oven
srPgjYTdCdHJgmFSHwrL8Zd/Cqar9MS,Garlic press
KWjWQJehX1e7wAa4pTk2qD/vR0uulfi,Wooden spoon
KWjWQJehX1e7wAa4pTk2qD/vR0uulfi,Wok
KWjWQJehX1e7wAa4pTk2qD/vR0uulfi,Zester
KWjWQJehX1e7wAa4pTk2qD/vR0uulfi,Spatula
azMI./mn8QFKjtlefqGBE1Rkg4CfgJW,Stock pot
azMI./mn8QFKjtlefqGBE1Rkg4CfgJW,Colander
azMI./mn8QFKjtlefqGBE1Rkg4CfgJW,Slotted spoon
azMI./mn8QFKjtlefqGBE1Rkg4CfgJW,Cheese grater
azMI./mn8QFKjtlefqGBE1Rkg4CfgJW,Citrus juicer
2NdCqkKNYdRkzGZGQ3GKB97BP2I6O6O,Measuring spoons
rWez3yphIHAXdbwoMInH64atBHHxPMa,Silicone brush
.l2Fcu/JjxkzrOdMTSi1OCe2Hnp0ECW,Vegetable peeler
.l2Fcu/JjxkzrOdMTSi1OCe2Hnp0ECW,Knife
.l2Fcu/JjxkzrOdMTSi1OCe2Hnp0ECW,Wok
.l2Fcu/JjxkzrOdMTSi1OCe2Hnp0ECW,Rice cooker
eQYWLrgYn/9GU2CbCHWIBi3KyN9aj7W,Sauce pan
eQYWLrgYn/9GU2CbCHWIBi3KyN9aj7W,Potato masher
eQYWLrgYn/9GU2CbCHWIBi3KyN9aj7W,Microwave
1hWWkuZ9M7RQs6q3AbAuzKLHYlOHBt2,Vegetable peeler
1hWWkuZ9M7RQs6q3AbAuzKLHYlOHBt2,Rice cooker
1hWWkuZ9M7RQs6q3AbAuzKLHYlOHBt2,Frying pan
9jCRg6VPLDYj2w1vIfTJiGA6MISfq.u,Potato masher
9jCRg6VPLDYj2w1vIfTJiGA6MISfq.u,Salad spinner
9jCRg6VPLDYj2w1vIfTJiGA6MISfq.u,Vegetable peeler
9jCRg6VPLDYj2w1vIfTJiGA6MISfq.u,Rice cooker
9jCRg6VPLDYj2w1vIfTJiGA6MISfq.u,Measuring cups
9jCRg6VPLDYj2w1vIfTJiGA6MISfq.u,Colander
n1RO/cIccTsMK5n8hOxs0A8uu2NPLk2,Slow cooker
6j79SdnlxNcKEY72KW3a0fDZGM3TEfu,Potato masher
6j79SdnlxNcKEY72KW3a0fDZGM3TEfu,Cheese grater
6j79SdnlxNcKEY72KW3a0fDZGM3TEfu,Blender
6j79SdnlxNcKEY72KW3a0fDZGM3TEfu,Muffin tin
pwqrNtLpExVWRmuu8Oc5c/A8/s61hvu,Spatula
pwqrNtLpExVWRmuu8Oc5c/A8/s61hvu,Spatula
pwqrNtLpExVWRmuu8Oc5c/A8/s61hvu,Glass baking sheet
pwqrNtLpExVWRmuu8Oc5c/A8/s61hvu,Tongs
mDgcSaAmfeRgzPTYepbjH4X70QRbj6e,Slow cooker
mDgcSaAmfeRgzPTYepbjH4X70QRbj6e,Muffin tin
mDgcSaAmfeRgzPTYepbjH4X70QRbj6e,Citrus juicer
mDgcSaAmfeRgzPTYepbjH4X70QRbj6e,Broiler pan
mDgcSaAmfeRgzPTYepbjH4X70QRbj6e,Spatula
mDgcSaAmfeRgzPTYepbjH4X70QRbj6e,Can opener
BCoNFX8VUAvDtxt3HoJPrdeNYEBCtkO,Rice cooker
BCoNFX8VUAvDtxt3HoJPrdeNYEBCtkO,Garlic press
BCoNFX8VUAvDtxt3HoJPrdeNYEBCtkO,Slow cooker
ivbCqdV1TE31XZCewCZqi4JM3lDa3EK,Sauce pan
xHRUV12yEIzDhFy8UovbxhPhuEWCs4W,Thermometer
Jy61MpIwIJDIA/X/tyfBI6RCuAHQ4ta,Sheet pans
Jy61MpIwIJDIA/X/tyfBI6RCuAHQ4ta,Slotted spoon
Jy61MpIwIJDIA/X/tyfBI6RCuAHQ4ta,Measuring cups
Jy61MpIwIJDIA/X/tyfBI6RCuAHQ4ta,Dutch oven
Jy61MpIwIJDIA/X/tyfBI6RCuAHQ4ta,Stock pot
.Bl2KAbYq4e78bz1Ctd..wIBW7e15dS,Ladle
.Bl2KAbYq4e78bz1Ctd..wIBW7e15dS,Cooling rack
.Bl2KAbYq4e78bz1Ctd..wIBW7e15dS,Wok
.Bl2KAbYq4e78bz1Ctd..wIBW7e15dS,Slow cooker
.Bl2KAbYq4e78bz1Ctd..wIBW7e15dS,Silicone brush
.Bl2KAbYq4e78bz1Ctd..wIBW7e15dS,Sheet pans
vicY5OzCBoIMEVAiwpntREpA076QW3C,Microwave
vicY5OzCBoIMEVAiwpntREpA076QW3C,Slotted spoon
vicY5OzCBoIMEVAiwpntREpA076QW3C,Scissors
vicY5OzCBoIMEVAiwpntREpA076QW3C,Thermometer
vAOjYkN.lMz5.PFuqZQQpuMaWUOVHc2,Cooling rack
vAOjYkN.lMz5.PFuqZQQpuMaWUOVHc2,Slow cooker
vAOjYkN.lMz5.PFuqZQQpuMaWUOVHc2,Wok
vAOjYkN.lMz5.PFuqZQQpuMaWUOVHc2,Mixing bowls
vAOjYkN.lMz5.PFuqZQQpuMaWUOVHc2,Mixing bowls
vAOjYkN.lMz5.PFuqZQQpuMaWUOVHc2,Toaster
5c1T2xaLITaasKPDVkob8ZCs8PfbTvu,Measuring spoons
GoTYZ6JC/pdzrhpDpxmj9Cck5p1oOC6,Tongs
v0pGNTqiHEB9bXem4VY9CXkTsUFe/jm,Ladle
v0pGNTqiHEB9bXem4VY9CXkTsUFe/jm,Thermometer
v0pGNTqiHEB9bXem4VY9CXkTsUFe/jm,Scissors
96OsQszEgh/Ndtn04Uau1NjEJieB3Km,Sauce pan
96OsQszEgh/Ndtn04Uau1NjEJieB3Km,Citrus juicer
96OsQszEgh/Ndtn04Uau1NjEJieB3Km,Silicone brush
96OsQszEgh/Ndtn04Uau1NjEJieB3Km,Cutting boards
96OsQszEgh/Ndtn04Uau1NjEJieB3Km,Mixing bowls
FE8iezq58OtxSqnl4Fem/o2CCKWXw.G,Measuring cups
FE8iezq58OtxSqnl4Fem/o2CCKWXw.G,Thermometer
FE8iezq58OtxSqnl4Fem/o2CCKWXw.G,Measuring spoons
xu/ehCsat1QZbBcEoFboss8kdZJk7UC,Tongs
xu/ehCsat1QZbBcEoFboss8kdZJk7UC,Slotted spoon
cZEig4Ud8oFX2kPSrsz7Ke650NEqVRK,Colander
iIMHruyrJCDs8Q5imjezGaJpSn6Amjq,Measuring spoons
iIMHruyrJCDs8Q5imjezGaJpSn6Amjq,Frying pan
iIMHruyrJCDs8Q5imjezGaJpSn6Amjq,Citrus juicer
iIMHruyrJCDs8Q5imjezGaJpSn6Amjq,Stock pot
vkvvqPI7anmpsckOS3rJfHA.HSh7rte,Rice cooker
vkvvqPI7anmpsckOS3rJfHA.HSh7rte,Scissors
vkvvqPI7anmpsckOS3rJfHA.HSh7rte,Measuring cups
vkvvqPI7anmpsckOS3rJfHA.HSh7rte,Citrus juicer
vkvvqPI7anmpsckOS3rJfHA.HSh7rte,Spatula
vkvvqPI7anmpsckOS3rJfHA.HSh7rte,Scissors
t/uE/73KPaMydASNjcxakSBUODzbg.i,Thermometer
t/uE/73KPaMydASNjcxakSBUODzbg.i,Stock pot
t/uE/73KPaMydASNjcxakSBUODzbg.i,Blender
t/uE/73KPaMydASNjcxakSBUODzbg.i,Stock pot
t/uE/73KPaMydASNjcxakSBUODzbg.i,Scissors
t/uE/73KPaMydASNjcxakSBUODzbg.i,Dutch oven
w/1cZ2N63PEwWYwTsr4vW30LNpY/kmK,Silicone brush
w/1cZ2N63PEwWYwTsr4vW30LNpY/kmK,Broiler pan
w/1cZ2N63PEwWYwTsr4vW30LNpY/kmK,Spatula
47RPx8W60kTp3lLyWhx6mpVbJUaIvJy,Whisk
47RPx8W60kTp3lLyWhx6mpVbJUaIvJy,Cutting boards
47RPx8W60kTp3lLyWhx6mpVbJUaIvJy,Blender
47RPx8W60kTp3lLyWhx6mpVbJUaIvJy,Sauce pan
jRx1M5yA8Y10hFsVZQJSD0pWiHLr4NC,Zester
jRx1M5yA8Y10hFsVZQJSD0pWiHLr4NC,Rice cooker
jRx1M5yA8Y10hFsVZQJSD0pWiHLr4NC,Potato masher
jRx1M5yA8Y10hFsVZQJSD0pWiHLr4NC,Potato masher
jRx1M5yA8Y10hFsVZQJSD0pWiHLr4NC,Potato masher
jRx1M5yA8Y10hFsVZQJSD0pWiHLr4NC,Sauce pan
Xs1aXR7Fr0NHW8IH7zqWbxwDEhq6zeG,Slotted spoon
Xs1aXR7Fr0NHW8IH7zqWbxwDEhq6zeG,Wok
Xs1aXR7Fr0NHW8IH7zqWbxwDEhq6zeG,Cooling rack
Xs1aXR7Fr0NHW8IH7zqWbxwDEhq6zeG,Cheese grater
6lCMga97sL1YATxj7CLGnqZnTXaaCca,Whisk
6lCMga97sL1YATxj7CLGnqZnTXaaCca,Slow cooker
6lCMga97sL1YATxj7CLGnqZnTXaaCca,Slow cooker
6lCMga97sL1YATxj7CLGnqZnTXaaCca,Broiler pan
pV5G9TfC6gzRwXtTS751VD6Y.EejN/G,Frying pan
pV5G9TfC6gzRwXtTS751VD6Y.EejN/G,Mixing bowls
pV5G9TfC6gzRwXtTS751VD6Y.EejN/G,Scissors
pV5G9TfC6gzRwXtTS751VD6Y.EejN/G,Toaster
pV5G9TfC6gzRwXtTS751VD6Y.EejN/G,Slow cooker
pV5G9TfC6gzRwXtTS751VD6Y.EejN/G,Thermometer
HHZv3DUz5SWoz60lCsfve0Uvh329mzO,Wooden spoon
HHZv3DUz5SWoz60lCsfve0Uvh329mzO,Cutting boards
Ie.EaaxBORwdqNq98aTe6zWhymsiHBq,Muffin tin
Ie.EaaxBORwdqNq98aTe6zWhymsiHBq,Citrus juicer
Ie.EaaxBORwdqNq98aTe6zWhymsiHBq,Cast iron skillet
Ie.EaaxBORwdqNq98aTe6zWhymsiHBq,Measuring cups
Ie.EaaxBORwdqNq98aTe6zWhymsiHBq,Wooden spoon
ZbjrGAfBpn9fuI11k56zPV8NQ6yQj9C,Wok
ZbjrGAfBpn9fuI11k56zPV8NQ6yQj9C,Measuring spoons
CiJLJFg01uGVXMd.ZEQnREePnxZdwwy,Potato masher
CiJLJFg01uGVXMd.ZEQnREePnxZdwwy,Tongs
CiJLJFg01uGVXMd.ZEQnREePnxZdwwy,Sauce pan
CiJLJFg01uGVXMd.ZEQnREePnxZdwwy,Wooden spoon
CiJLJFg01uGVXMd.ZEQnREePnxZdwwy,Frying pan
qZwPHIoKne6.1r5Muu7tAow/iqYo./u,Scissors
qZwPHIoKne6.1r5Muu7tAow/iqYo./u,Cast iron skillet
qZwPHIoKne6.1r5Muu7tAow/iqYo./u,Wok
qZwPHIoKne6.1r5Muu7tAow/iqYo./u,Wok
7Qo95snNqvV4bTBFn9goRVWgRLsTfZ2,Can opener
unE5OHmbbdPtMY6ygp6unUcT8zL7buW,Measuring spoons
unE5OHmbbdPtMY6ygp6unUcT8zL7buW,Cutting boards
unE5OHmbbdPtMY6ygp6unUcT8zL7buW,Garlic press
unE5OHmbbdPtMY6ygp6unUcT8zL7buW,Scissors
unE5OHmbbdPtMY6ygp6unUcT8zL7buW,Microwave
dIkhCHSuQxh5gbHOW5JPshRTDMtbM/q,Spatula
dIkhCHSuQxh5gbHOW5JPshRTDMtbM/q,Sauce pan
dIkhCHSuQxh5gbHOW5JPshRTDMtbM/q,Mixing bowls
dIkhCHSuQxh5gbHOW5JPshRTDMtbM/q,Scissors
dIkhCHSuQxh5gbHOW5JPshRTDMtbM/q,Mixing bowls
n2zdS6O2jzNvAJSGcM9ENgNuEvEPliG,Tongs
o22XhAeTd.m7J6T8tSE.qdQlhS1Ws5u,Whisk
o22XhAeTd.m7J6T8tSE.qdQlhS1Ws5u,Slow cooker
o22XhAeTd.m7J6T8tSE.qdQlhS1Ws5u,Citrus juicer
o22XhAeTd.m7J6T8tSE.qdQlhS1Ws5u,Cooling rack
o22XhAeTd.m7J6T8tSE.qdQlhS1Ws5u,Salad spinner
SgcOdDKk.HEwZwgNgks2S.PrsXEezZS,Broiler pan
SgcOdDKk.HEwZwgNgks2S.PrsXEezZS,Toaster
SgcOdDKk.HEwZwgNgks2S.PrsXEezZS,Glass baking sheet
SgcOdDKk.HEwZwgNgks2S.PrsXEezZS,Cutting boards
Y3JqA2PwSYSkaU.wnhkLo.LO.kvbM.u,Scissors
iq8oht87X/tD0DOgD0G2AdJQpHcKB32,Broiler pan
iq8oht87X/tD0DOgD0G2AdJQpHcKB32,Garlic press
iq8oht87X/tD0DOgD0G2AdJQpHcKB32,Glass baking sheet
iq8oht87X/tD0DOgD0G2AdJQpHcKB32,Silicone brush
iq8oht87X/tD0DOgD0G2AdJQpHcKB32,Cast iron skillet
TI4R4CZaqB29BN8XOj5zImikoLw2Ieu,Wooden spoon
ZpgZSHNMxAutW1M46q8SqHH23QkNqIK,Wooden spoon
ZpgZSHNMxAutW1M46q8SqHH23QkNqIK,Slow cooker
ZpgZSHNMxAutW1M46q8SqHH23QkNqIK,Stock pot
ZpgZSHNMxAutW1M46q8SqHH23QkNqIK,Toaster
ZpgZSHNMxAutW1M46q8SqHH23QkNqIK,Can opener
ZpgZSHNMxAutW1M46q8SqHH23QkNqIK,Cast iron skillet
n.zvQbfYPY8cgN2QpC/TGwr1khbhRJK,Wooden spoon
/RFdTODXXDVdouX9e3frqkeT4v1ytnK,Cast iron skillet
/RFdTODXXDVdouX9e3frqkeT4v1ytnK,Cutting boards
/RFdTODXXDVdouX9e3frqkeT4v1ytnK,Sheet pans
/1Ciq3fOGK2B24YneWYbaoWDbeiBp9m,Measuring spoons
/1Ciq3fOGK2B24YneWYbaoWDbeiBp9m,Potato masher
/1Ciq3fOGK2B24YneWYbaoWDbeiBp9m,Citrus juicer
AbSAdcdV/owyY6tXedi20Iw7G/lgMW6,Knife
.1rbuOxWLedoM53ZUWGw4RIuWOxh9FS,Glass baking sheet
.1rbuOxWLedoM53ZUWGw4RIuWOxh9FS,Colander
.1rbuOxWLedoM53ZUWGw4RIuWOxh9FS,Thermometer
.1rbuOxWLedoM53ZUWGw4RIuWOxh9FS,Glass baking sheet
.1rbuOxWLedoM53ZUWGw4RIuWOxh9FS,Silicone brush
tGvKW87TmChqGGYvXUUrPKHa97dCu3u,Garlic press
tGvKW87TmChqGGYvXUUrPKHa97dCu3u,Garlic press
tGvKW87TmChqGGYvXUUrPKHa97dCu3u,Sheet pans
tGvKW87TmChqGGYvXUUrPKHa97dCu3u,Whisk
66yRCiTB/vWvq/P74omjcVvv6obBWsK,Wok
66yRCiTB/vWvq/P74omjcVvv6obBWsK,Garlic press
kEq2KyXowfn9VZHJaq348lMB/fGHaUO,Glass baking sheet
kEq2KyXowfn9VZHJaq348lMB/fGHaUO,Frying pan
6RxXbE8G9aJcQwQhUraLpi.u6HF4LVK,Sheet pans
6RxXbE8G9aJcQwQhUraLpi.u6HF4LVK,Potato masher
dYsEu6hdJ5a/jOoXL9tHLRQnIfEM1Pu,Citrus juicer
dYsEu6hdJ5a/jOoXL9tHLRQnIfEM1Pu,Blender
dYsEu6hdJ5a/jOoXL9tHLRQnIfEM1Pu,Sheet pans
dYsEu6hdJ5a/jOoXL9tHLRQnIfEM1Pu,Stock pot
dYsEu6hdJ5a/jOoXL9tHLRQnIfEM1Pu,Dutch oven
dYsEu6hdJ5a/jOoXL9tHLRQnIfEM1Pu,Wok
ykO6V/WBuqLN7pBgE52pPvmj8538hga,Measuring cups
ykO6V/WBuqLN7pBgE52pPvmj8538hga,Stock pot
ykO6V/WBuqLN7pBgE52pPvmj8538hga,Tongs
ykO6V/WBuqLN7pBgE52pPvmj8538hga,Colander
uXO7dnDHVwl5M/dtLmOb8EmX0yTESCy,Dutch oven
uXO7dnDHVwl5M/dtLmOb8EmX0yTESCy,Cutting boards
uXO7dnDHVwl5M/dtLmOb8EmX0yTESCy,Potato masher
uXO7dnDHVwl5M/dtLmOb8EmX0yTESCy,Knife
uXO7dnDHVwl5M/dtLmOb8EmX0yTESCy,Wok
uXO7dnDHVwl5M/dtLmOb8EmX0yTESCy,Cooling rack
8l8AkojX8npH/am/T4sMu2waR9EubhG,Sheet pans
8l8AkojX8npH/am/T4sMu2waR9EubhG,Whisk
8l8AkojX8npH/am/T4sMu2waR9EubhG,Sheet pans
8l8AkojX8npH/am/T4sMu2waR9EubhG,Spatula
8l8AkojX8npH/am/T4sMu2waR9EubhG,Silicone brush
8l8AkojX8npH/am/T4sMu2waR9EubhG,Slow cooker
U52CYzG7Z743x.je2e.YC5qPxCDtzrO,Colander
U52CYzG7Z743x.je2e.YC5qPxCDtzrO,Muffin tin
U52CYzG7Z743x.je2e.YC5qPxCDtzrO,Potato masher
U52CYzG7Z743x.je2e.YC5qPxCDtzrO,Measuring spoons
U52CYzG7Z743x.je2e.YC5qPxCDtzrO,Knife
yVtoEf.WTDeRx93pCiZtkyLqVWKZDHG,Muffin tin
yVtoEf.WTDeRx93pCiZtkyLqVWKZDHG,Frying pan
ZVHsk5QnTG2xdIr6Qlm31.o7fYLpEoO,Salad spinner
ZVHsk5QnTG2xdIr6Qlm31.o7fYLpEoO,Glass baking sheet
ZVHsk5QnTG2xdIr6Qlm31.o7fYLpEoO,Frying pan
ZVHsk5QnTG2xdIr6Qlm31.o7fYLpEoO,Potato masher
ZVHsk5QnTG2xdIr6Qlm31.o7fYLpEoO,Garlic press
hv/wvL1iLD2kANBoUM0E6mc8PAkI5N6,Blender
hv/wvL1iLD2kANBoUM0E6mc8PAkI5N6,Measuring cups
hv/wvL1iLD2kANBoUM0E6mc8PAkI5N6,Knife
67yG6SOpEcO5ipPEWUaqOL2KTvnZS3u,Can opener
67yG6SOpEcO5ipPEWUaqOL2KTvnZS3u,Colander
j1l1K0Y72RgBEqo7N96gwj/RosdhPju,Scissors
j1l1K0Y72RgBEqo7N96gwj/RosdhPju,Slow cooker
j1l1K0Y72RgBEqo7N96gwj/RosdhPju,Microwave
j1l1K0Y72RgBEqo7N96gwj/RosdhPju,Slotted spoon
zxSd1QSMeaqw7kdahQ/L./70xCiJrb.,Citrus juicer
.RzlQoqQBLb7fMXJCLEpMAA0BjDELSK,Mixing bowls
.RzlQoqQBLb7fMXJCLEpMAA0BjDELSK,Silicone brush
.RzlQoqQBLb7fMXJCLEpMAA0BjDELSK,Potato masher
.RzlQoqQBLb7fMXJCLEpMAA0BjDELSK,Blender
yy9pWFtmrTpK0JF3HKS4nl1uoqa5YG.,Silicone brush
ZTpwPjVm8WXsFVFhOnXJvvScVzp7cz2,Wooden spoon
ZTpwPjVm8WXsFVFhOnXJvvScVzp7cz2,Potato masher
ZTpwPjVm8WXsFVFhOnXJvvScVzp7cz2,Sheet pans
ZTpwPjVm8WXsFVFhOnXJvvScVzp7cz2,Cutting boards
..3M3xsVPQLnncQ2oYzCyhGjNe/6EB2,Blender
..3M3xsVPQLnncQ2oYzCyhGjNe/6EB2,Spatula
..3M3xsVPQLnncQ2oYzCyhGjNe/6EB2,Whisk
..3M3xsVPQLnncQ2oYzCyhGjNe/6EB2,Slow cooker
..3M3xsVPQLnncQ2oYzCyhGjNe/6EB2,Rice cooker
..3M3xsVPQLnncQ2oYzCyhGjNe/6EB2,Colander
Gui7vnPf9/fJ32bZcZCR2TWtuV9msbm,Measuring spoons
Gui7vnPf9/fJ32bZcZCR2TWtuV9msbm,Rice cooker
Gui7vnPf9/fJ32bZcZCR2TWtuV9msbm,Colander
Gui7vnPf9/fJ32bZcZCR2TWtuV9msbm,Microwave
Gui7vnPf9/fJ32bZcZCR2TWtuV9msbm,Garlic press
9u.XIdXVsNsSfUcDbXvZkHTgXpF/kcq,Broiler pan
9u.XIdXVsNsSfUcDbXvZkHTgXpF/kcq,Garlic press
9u.XIdXVsNsSfUcDbXvZkHTgXpF/kcq,Sheet pans
dUINnST47gVjptPcUDBOY0A35WJjW/2,Broiler pan
dUINnST47gVjptPcUDBOY0A35WJjW/2,Whisk
dUINnST47gVjptPcUDBOY0A35WJjW/2,Wok
dUINnST47gVjptPcUDBOY0A35WJjW/2,Mixing bowls
/nWcd8oOwqkbzjohMPPxQkY.oB3aXoK,Spatula
/nWcd8oOwqkbzjohMPPxQkY.oB3aXoK,Colander
/nWcd8oOwqkbzjohMPPxQkY.oB3aXoK,Scissors
/nWcd8oOwqkbzjohMPPxQkY.oB3aXoK,Sheet pans
MhtuXwqunC.C1kGAQhewdZThlsYQ.yS,Slotted spoon
MhtuXwqunC.C1kGAQhewdZThlsYQ.yS,Sauce pan
MhtuXwqunC.C1kGAQhewdZThlsYQ.yS,Wok
MhtuXwqunC.C1kGAQhewdZThlsYQ.yS,Scissors
9P1WzqQcXiMIumNbNAlKmhCM87uFu8u,Muffin tin
9P1WzqQcXiMIumNbNAlKmhCM87uFu8u,Glass baking sheet
9P1WzqQcXiMIumNbNAlKmhCM87uFu8u,Microwave
9P1WzqQcXiMIumNbNAlKmhCM87uFu8u,Measuring cups
CyukJbvGZvnvD51CE8QRcz4VpS6W6IG,Slotted spoon
CyukJbvGZvnvD51CE8QRcz4VpS6W6IG,Potato masher
CyukJbvGZvnvD51CE8QRcz4VpS6W6IG,Muffin tin
CyukJbvGZvnvD51CE8QRcz4VpS6W6IG,Mixing bowls
CyukJbvGZvnvD51CE8QRcz4VpS6W6IG,Silicone brush
CyukJbvGZvnvD51CE8QRcz4VpS6W6IG,Cooling rack
TtkhPjIBSn4yD2wBscNWa5T/lsiZckS,Garlic press
TtkhPjIBSn4yD2wBscNWa5T/lsiZckS,Can opener
1qgAvBDFheCJpKk9JZxJF27dqoSmrdm,Blender
zw2MBZhz4lc/KHnS/K5SU.VyK3ZJ7kC,Glass baking sheet
zw2MBZhz4lc/KHnS/K5SU.VyK3ZJ7kC,Whisk
zw2MBZhz4lc/KHnS/K5SU.VyK3ZJ7kC,Cheese grater
zw2MBZhz4lc/KHnS/K5SU.VyK3ZJ7kC,Measuring spoons
zw2MBZhz4lc/KHnS/K5SU.VyK3ZJ7kC,Salad spinner
m8TdGLwaejjQzVzIcc1OeRQ4.M1JyXm,Cutting boards
m8TdGLwaejjQzVzIcc1OeRQ4.M1JyXm,Vegetable peeler
m8TdGLwaejjQzVzIcc1OeRQ4.M1JyXm,Thermometer
m8TdGLwaejjQzVzIcc1OeRQ4.M1JyXm,Sheet pans
LekmaxdCXU177t1iSy5mgBcMpK2ymke,Measuring cups
LekmaxdCXU177t1iSy5mgBcMpK2ymke,Knife
LekmaxdCXU177t1iSy5mgBcMpK2ymke,Ladle
LekmaxdCXU177t1iSy5mgBcMpK2ymke,Potato masher
LekmaxdCXU177t1iSy5mgBcMpK2ymke,Blender
LekmaxdCXU177t1iSy5mgBcMpK2ymke,Cast iron skillet
jD6i0pn4iLSEaizE2A7UMzLGYHA7EpS,Silicone brush
jD6i0pn4iLSEaizE2A7UMzLGYHA7EpS,Zester
jD6i0pn4iLSEaizE2A7UMzLGYHA7EpS,Colander
jD6i0pn4iLSEaizE2A7UMzLGYHA7EpS,Measuring cups
jD6i0pn4iLSEaizE2A7UMzLGYHA7EpS,Potato masher
6Mk/g0eI2NX1Onu.VxhtRCphtr6YLoy,Slotted spoon
6Mk/g0eI2NX1Onu.VxhtRCphtr6YLoy,Cooling rack
aC2.sDXujB17wTVVAUFhmln8JqrNCLm,Ladle
aC2.sDXujB17wTVVAUFhmln8JqrNCLm,Blender
aC2.sDXujB17wTVVAUFhmln8JqrNCLm,Blender
aC2.sDXujB17wTVVAUFhmln8JqrNCLm,Can opener
4ZXpiO9d3sH36X1Deap6fpmR9nSt5Ze,Citrus juicer
R31A3gO9nvhBMPeTUeaVjfCrscoGtAG,Cheese grater
R31A3gO9nvhBMPeTUeaVjfCrscoGtAG,Slotted spoon
R31A3gO9nvhBMPeTUeaVjfCrscoGtAG,Microwave
R31A3gO9nvhBMPeTUeaVjfCrscoGtAG,Broiler pan
R31A3gO9nvhBMPeTUeaVjfCrscoGtAG,Potato masher
R31A3gO9nvhBMPeTUeaVjfCrscoGtAG,Slow cooker
AaYuRg0XtVq3qnkTwH9MdHvC65qKRsG,Broiler pan
AaYuRg0XtVq3qnkTwH9MdHvC65qKRsG,Garlic press
AaYuRg0XtVq3qnkTwH9MdHvC65qKRsG,Slow cooker
4T.P2e0Q634XZW2BEWL6ZPN7yFM2mgO,Slow cooker
4T.P2e0Q634XZW2BEWL6ZPN7yFM2mgO,Silicone brush
4T.P2e0Q634XZW2BEWL6ZPN7yFM2mgO,Whisk
4T.P2e0Q634XZW2BEWL6ZPN7yFM2mgO,Silicone brush
6.qo1mYck4GZ/.rGtw4.1eDID4p8F56,Frying pan
6.qo1mYck4GZ/.rGtw4.1eDID4p8F56,Rice cooker
6.qo1mYck4GZ/.rGtw4.1eDID4p8F56,Thermometer
6.qo1mYck4GZ/.rGtw4.1eDID4p8F56,Sauce pan
6.qo1mYck4GZ/.rGtw4.1eDID4p8F56,Slotted spoon
6.qo1mYck4GZ/.rGtw4.1eDID4p8F56,Wooden spoon
A6VMpbHhFBIDjDYPkiZujbqHRlxaCfq,Mixing bowls
V0jjYTCQK7P0RXDbYFxFnvkj/TcAyWC,Slow cooker
V0jjYTCQK7P0RXDbYFxFnvkj/TcAyWC,Cutting boards
ohjcL/IyGmav0vz3tyDcNQhgOyVEU.C,Potato masher
szwhEjVH0llmsObbOwsZ/EQzJTiE08K,Zester
szwhEjVH0llmsObbOwsZ/EQzJTiE08K,Zester
szwhEjVH0llmsObbOwsZ/EQzJTiE08K,Thermometer
wxYDsLItovp2CvONFmgRtkWDgxFeiT6,Frying pan
wxYDsLItovp2CvONFmgRtkWDgxFeiT6,Dutch oven
wxYDsLItovp2CvONFmgRtkWDgxFeiT6,Cutting boards
wxYDsLItovp2CvONFmgRtkWDgxFeiT6,Toaster
wxYDsLItovp2CvONFmgRtkWDgxFeiT6,Dutch oven
tJzQ2hTPyQvXI2tXEMNJp05xI61SGXG,Toaster
tJzQ2hTPyQvXI2tXEMNJp05xI61SGXG,Can opener
tJzQ2hTPyQvXI2tXEMNJp05xI61SGXG,Can opener
9aNVhy.W33MSyYftO2GjOfuCtIVFQXC,Glass baking sheet
9aNVhy.W33MSyYftO2GjOfuCtIVFQXC,Dutch oven
9aNVhy.W33MSyYftO2GjOfuCtIVFQXC,Stock pot
loAxtqu8RstY1FR0WVSxJYyYoVXz.XG,Muffin tin
loAxtqu8RstY1FR0WVSxJYyYoVXz.XG,Citrus juicer
CGaLz.ORPx2kr0QP32tEAUhz8EQcD5i,Zester
CGaLz.ORPx2kr0QP32tEAUhz8EQcD5i,Ladle
Illx4V5DctVrOmdw/Oq3iL.nrtd.jsi,Zester
Illx4V5DctVrOmdw/Oq3iL.nrtd.jsi,Dutch oven
Illx4V5DctVrOmdw/Oq3iL.nrtd.jsi,Slow cooker
Illx4V5DctVrOmdw/Oq3iL.nrtd.jsi,Cheese grater
Illx4V5DctVrOmdw/Oq3iL.nrtd.jsi,Whisk
Illx4V5DctVrOmdw/Oq3iL.nrtd.jsi,Broiler pan
BPCk9Sh57O8PUfTN/SIdfbHYUuunAuK,Dutch oven
BPCk9Sh57O8PUfTN/SIdfbHYUuunAuK,Salad spinner
BPCk9Sh57O8PUfTN/SIdfbHYUuunAuK,Microwave
BPCk9Sh57O8PUfTN/SIdfbHYUuunAuK,Spatula
FMc8nXCUDRRlC/adWyAU2kenOMqlGEu,Cast iron skillet
CovFkbmxmQeAan3jjua2gr.l4qnwjIS,Sheet pans
CovFkbmxmQeAan3jjua2gr.l4qnwjIS,Wooden spoon
CovFkbmxmQeAan3jjua2gr.l4qnwjIS,Measuring spoons
CovFkbmxmQeAan3jjua2gr.l4qnwjIS,Silicone brush
CfGsQTOXQ3KCU6N6ls3oIsMKxRIlTfW,Muffin tin
CfGsQTOXQ3KCU6N6ls3oIsMKxRIlTfW,Wok
CfGsQTOXQ3KCU6N6ls3oIsMKxRIlTfW,Can opener
CfGsQTOXQ3KCU6N6ls3oIsMKxRIlTfW,Dutch oven
